{"Fps":29.97002997002997,"Results":[{"FrameIndex":0,"Adult":{"isAdultContent":false,"isRacyContent":false,"isGoryContent":false,"adultScore":0.034831445664167404,"racyScore":0.058946993201971054,"goreScore":0.011294401250779629}},{"FrameIndex":30,"Adult":{"isAdultContent":false,"isRacyContent":false,"isGoryContent":false,"adultScore":0.011721269227564335,"racyScore":0.013256707228720188,"goreScore":0.001078692963346839}},{"FrameIndex":60,"Adult":{"isAdultContent":false,"isRacyContent":false,"isGoryContent":false,"adultScore":0.015264349989593029,"racyScore":0.01730355992913246,"goreScore":0.0014749583788216114}},{"FrameIndex":90,"Adult":{"isAdultContent":false,"isRacyContent":false,"isGoryContent":false,"adultScore":0.007438832428306341,"racyScore":0.00979983527213335,"goreScore":0.0005015031201764941}},{"FrameIndex":120,"Adult":{"isAdultContent":false,"isRacyContent":false,"isGoryContent":false,"adultScore":0.005226693116128445,"racyScore":0.006974254734814167,"goreScore":0.000642831961158663}},{"FrameIndex":150,"Adult":{"isAdultContent":false,"isRacyContent":false,"isGoryContent":false,"adultScore":0.0025427788496017456,"racyScore":0.00342136574909091,"goreScore":0.0003209882415831089}},{"FrameIndex":180,"Adult":{"isAdultContent":false,"isRacyContent":false,"isGoryContent":false,"adultScore":0.004466293379664421,"racyScore":0.005732263904064894,"goreScore":0.0024591488763689995}},{"FrameIndex":210,"Adult":{"isAdultContent":false,"isRacyContent":false,"isGoryContent":false,"adultScore":0.008699753321707249,"racyScore":0.07977482676506042,"goreScore":0.0010149710578843951}},{"FrameIndex":240,"Adult":{"isAdultContent":false,"isRacyContent":false,"isGoryContent":false,"adultScore":0.04430605098605156,"racyScore":0.06698011606931686,"goreScore":0.130885511636734}},{"FrameIndex":270,"Adult":{"isAdultContent":false,"isRacyContent":false,"isGoryContent":false,"adultScore":0.0028502403292804956,"racyScore":0.003619380062445998,"goreScore":0.0005455944919958711}},{"FrameIndex":300,"Adult":{"isAdultContent":false,"isRacyContent":false,"isGoryContent":false,"adultScore":0.01709931343793869,"racyScore":0.02091430127620697,"goreScore":0.0029579640831798315}},{"FrameIndex":330,"Adult":{"isAdultContent":false,"isRacyContent":false,"isGoryContent":false,"adultScore":0.01824110932648182,"racyScore":0.04061901196837425,"goreScore":0.0010271500796079636}},{"FrameIndex":360,"Adult":{"isAdultContent":false,"isRacyContent":false,"isGoryContent":false,"adultScore":0.011906835250556469,"racyScore":0.02453044056892395,"goreScore":0.0017052054172381759}},{"FrameIndex":390,"Adult":{"isAdultContent":false,"isRacyContent":false,"isGoryContent":false,"adultScore":0.005711701698601246,"racyScore":0.012877872213721275,"goreScore":0.0005926850135438144}},{"FrameIndex":420,"Adult":{"isAdultContent":false,"isRacyContent":false,"isGoryContent":false,"adultScore":0.007326278369873762,"racyScore":0.026662996038794518,"goreScore":0.0010052323341369629}},{"FrameIndex":450,"Adult":{"isAdultContent":false,"isRacyContent":false,"isGoryContent":false,"adultScore":0.003978579770773649,"racyScore":0.02782299555838108,"goreScore":0.00037263688864186406}},{"FrameIndex":480,"Adult":{"isAdultContent":false,"isRacyContent":false,"isGoryContent":false,"adultScore":0.004504986573010683,"racyScore":0.016758490353822708,"goreScore":0.0005832416354678571}},{"FrameIndex":510,"Adult":{"isAdultContent":false,"isRacyContent":false,"isGoryContent":false,"adultScore":0.022617153823375702,"racyScore":0.06179380044341087,"goreScore":0.0010935042519122362}},{"FrameIndex":540,"Adult":{"isAdultContent":false,"isRacyContent":false,"isGoryContent":false,"adultScore":0.0020957726519554853,"racyScore":0.010288489051163197,"goreScore":0.0011730853002518415}},{"FrameIndex":570,"Adult":{"isAdultContent":false,"isRacyContent":false,"isGoryContent":false,"adultScore":0.0007663749274797738,"racyScore":0.0016946145333349705,"goreScore":0.0003251784364692867}},{"FrameIndex":600,"Adult":{"isAdultContent":false,"isRacyContent":false,"isGoryContent":false,"adultScore":0.0006074434495531023,"racyScore":0.0020199627615511417,"goreScore":0.0003400881541892886}},{"FrameIndex":630,"Adult":{"isAdultContent":false,"isRacyContent":false,"isGoryContent":false,"adultScore":0.0006995350122451782,"racyScore":0.001954562496393919,"goreScore":0.0003030459047295153}},{"FrameIndex":660,"Adult":{"isAdultContent":false,"isRacyContent":false,"isGoryContent":false,"adultScore":0.01877797208726406,"racyScore":0.023287028074264526,"goreScore":0.15320752561092377}},{"FrameIndex":690,"Adult":{"isAdultContent":false,"isRacyContent":false,"isGoryContent":false,"adultScore":0.017357906326651573,"racyScore":0.020811576396226883,"goreScore":0.1123661920428276}},{"FrameIndex":720,"Adult":{"isAdultContent":false,"isRacyContent":false,"isGoryContent":false,"adultScore":0.0864172875881195,"racyScore":0.11658839136362076,"goreScore":0.08584204316139221}},{"FrameIndex":750,"Adult":{"isAdultContent":false,"isRacyContent":false,"isGoryContent":false,"adultScore":0.011736257001757622,"racyScore":0.017226442694664,"goreScore":0.16370657086372375}},{"FrameIndex":780,"Adult":{"isAdultContent":false,"isRacyContent":false,"isGoryContent":false,"adultScore":0.009498435072600842,"racyScore":0.01387876272201538,"goreScore":0.0006362135172821581}},{"FrameIndex":810,"Adult":{"isAdultContent":false,"isRacyContent":false,"isGoryContent":false,"adultScore":0.0020851462613791227,"racyScore":0.026207255199551582,"goreScore":0.0005997362895868719}},{"FrameIndex":840,"Adult":{"isAdultContent":false,"isRacyContent":false,"isGoryContent":false,"adultScore":0.0027964150067418814,"racyScore":0.021896589547395706,"goreScore":0.0004617811646312475}},{"FrameIndex":870,"Adult":{"isAdultContent":false,"isRacyContent":false,"isGoryContent":false,"adultScore":0.024772459641098976,"racyScore":0.09728638827800751,"goreScore":0.002258816035464406}},{"FrameIndex":900,"Adult":{"isAdultContent":false,"isRacyContent":false,"isGoryContent":false,"adultScore":0.0059062521904706955,"racyScore":0.00872358214110136,"goreScore":0.0011521955020725727}},{"FrameIndex":930,"Adult":{"isAdultContent":false,"isRacyContent":false,"isGoryContent":false,"adultScore":0.019709184765815735,"racyScore":0.021360866725444794,"goreScore":0.0019001734908670187}},{"FrameIndex":960,"Adult":{"isAdultContent":false,"isRacyContent":false,"isGoryContent":false,"adultScore":0.021360477432608604,"racyScore":0.02321121096611023,"goreScore":0.0026376843452453613}},{"FrameIndex":990,"Adult":{"isAdultContent":false,"isRacyContent":false,"isGoryContent":false,"adultScore":0.0025361990556120872,"racyScore":0.004542769398540258,"goreScore":0.0007530769216828048}},{"FrameIndex":1020,"Adult":{"isAdultContent":false,"isRacyContent":false,"isGoryContent":false,"adultScore":0.005387889686971903,"racyScore":0.007371209561824799,"goreScore":0.0012788149761036038}},{"FrameIndex":1050,"Adult":{"isAdultContent":false,"isRacyContent":false,"isGoryContent":false,"adultScore":0.034831445664167404,"racyScore":0.058946993201971054,"goreScore":0.011294401250779629}},{"FrameIndex":1080,"Adult":{"isAdultContent":false,"isRacyContent":false,"isGoryContent":false,"adultScore":0.0034759235568344593,"racyScore":0.006294748745858669,"goreScore":0.002974972827360034}},{"FrameIndex":1110,"Adult":{"isAdultContent":false,"isRacyContent":false,"isGoryContent":false,"adultScore":0.004281063564121723,"racyScore":0.007937604561448097,"goreScore":0.003566309344023466}},{"FrameIndex":1140,"Adult":{"isAdultContent":false,"isRacyContent":false,"isGoryContent":false,"adultScore":0.0067125908099114895,"racyScore":0.011767363175749779,"goreScore":0.0019540362991392612}},{"FrameIndex":1170,"Adult":{"isAdultContent":false,"isRacyContent":false,"isGoryContent":false,"adultScore":0.005675694439560175,"racyScore":0.009339505806565285,"goreScore":0.0023299334570765495}},{"FrameIndex":1200,"Adult":{"isAdultContent":false,"isRacyContent":false,"isGoryContent":false,"adultScore":0.004232071340084076,"racyScore":0.0076238494366407394,"goreScore":0.0023280612658709288}},{"FrameIndex":1230,"Adult":{"isAdultContent":false,"isRacyContent":false,"isGoryContent":false,"adultScore":0.0035833308938890696,"racyScore":0.006650298833847046,"goreScore":0.0011472582118585706}},{"FrameIndex":1260,"Adult":{"isAdultContent":false,"isRacyContent":false,"isGoryContent":false,"adultScore":0.005120898596942425,"racyScore":0.057921186089515686,"goreScore":0.007275714073330164}},{"FrameIndex":1290,"Adult":{"isAdultContent":false,"isRacyContent":false,"isGoryContent":false,"adultScore":0.009830012917518616,"racyScore":0.018079571425914764,"goreScore":0.0017078645760193467}},{"FrameIndex":1320,"Adult":{"isAdultContent":false,"isRacyContent":false,"isGoryContent":false,"adultScore":0.008479052223265171,"racyScore":0.012117013335227966,"goreScore":0.0014851575251668692}},{"FrameIndex":1350,"Adult":{"isAdultContent":false,"isRacyContent":false,"isGoryContent":false,"adultScore":0.007853086106479168,"racyScore":0.02508930116891861,"goreScore":0.0011907826410606503}},{"FrameIndex":1380,"Adult":{"isAdultContent":false,"isRacyContent":false,"isGoryContent":false,"adultScore":0.012569032609462738,"racyScore":0.016758356243371964,"goreScore":0.0020684723276644945}},{"FrameIndex":1410,"Adult":{"isAdultContent":false,"isRacyContent":false,"isGoryContent":false,"adultScore":0.007650953251868486,"racyScore":0.009822404943406582,"goreScore":0.0009865746833384037}},{"FrameIndex":1440,"Adult":{"isAdultContent":false,"isRacyContent":false,"isGoryContent":false,"adultScore":0.0011285622604191303,"racyScore":0.0019316482357680798,"goreScore":0.00034024924389086664}},{"FrameIndex":1470,"Adult":{"isAdultContent":false,"isRacyContent":false,"isGoryContent":false,"adultScore":0.011441180482506752,"racyScore":0.015330796130001545,"goreScore":0.0016061795176938176}},{"FrameIndex":1500,"Adult":{"isAdultContent":false,"isRacyContent":false,"isGoryContent":false,"adultScore":0.010819140821695328,"racyScore":0.022383248433470726,"goreScore":0.0018787268782034516}},{"FrameIndex":1530,"Adult":{"isAdultContent":false,"isRacyContent":false,"isGoryContent":false,"adultScore":0.002254780614748597,"racyScore":0.006255894899368286,"goreScore":0.003661766182631254}},{"FrameIndex":1560,"Adult":{"isAdultContent":false,"isRacyContent":false,"isGoryContent":false,"adultScore":0.004208897240459919,"racyScore":0.005567136220633984,"goreScore":0.006803837139159441}},{"FrameIndex":1590,"Adult":{"isAdultContent":false,"isRacyContent":false,"isGoryContent":false,"adultScore":0.001994934631511569,"racyScore":0.004885660484433174,"goreScore":0.0012389206094667315}},{"FrameIndex":1620,"Adult":{"isAdultContent":false,"isRacyContent":false,"isGoryContent":false,"adultScore":0.002975132316350937,"racyScore":0.004450216889381409,"goreScore":0.002213170053437352}},{"FrameIndex":1650,"Adult":{"isAdultContent":false,"isRacyContent":false,"isGoryContent":false,"adultScore":0.0031758095137774944,"racyScore":0.004541532136499882,"goreScore":0.0021235658787190914}},{"FrameIndex":1680,"Adult":{"isAdultContent":false,"isRacyContent":false,"isGoryContent":false,"adultScore":0.0013871723785996437,"racyScore":0.0037399358116090298,"goreScore":0.0009578575845807791}},{"FrameIndex":1710,"Adult":{"isAdultContent":false,"isRacyContent":false,"isGoryContent":false,"adultScore":0.001015123096294701,"racyScore":0.0024964618496596813,"goreScore":0.0005957706016488373}},{"FrameIndex":1740,"Adult":{"isAdultContent":false,"isRacyContent":false,"isGoryContent":false,"adultScore":0.008116978220641613,"racyScore":0.010316197760403156,"goreScore":0.000865920796059072}},{"FrameIndex":1770,"Adult":{"isAdultContent":false,"isRacyContent":false,"isGoryContent":false,"adultScore":0.0064673167653381824,"racyScore":0.009458298794925213,"goreScore":0.0008496774826198816}},{"FrameIndex":1800,"Adult":{"isAdultContent":false,"isRacyContent":false,"isGoryContent":false,"adultScore":0.0014263333287090063,"racyScore":0.002384356688708067,"goreScore":0.001255036797374487}},{"FrameIndex":1830,"Adult":{"isAdultContent":false,"isRacyContent":false,"isGoryContent":false,"adultScore":0.0008447422296740115,"racyScore":0.006500277668237686,"goreScore":0.0005075212684459984}},{"FrameIndex":1860,"Adult":{"isAdultContent":false,"isRacyContent":false,"isGoryContent":false,"adultScore":0.005236276891082525,"racyScore":0.013501793146133423,"goreScore":0.002406119368970394}},{"FrameIndex":1890,"Adult":{"isAdultContent":false,"isRacyContent":false,"isGoryContent":false,"adultScore":0.0017459405353292823,"racyScore":0.002328767441213131,"goreScore":0.0006450518267229199}},{"FrameIndex":1920,"Adult":{"isAdultContent":false,"isRacyContent":false,"isGoryContent":false,"adultScore":0.026423579081892967,"racyScore":0.23544876277446747,"goreScore":0.002445769729092717}},{"FrameIndex":1950,"Adult":{"isAdultContent":false,"isRacyContent":false,"isGoryContent":false,"adultScore":0.051809731870889664,"racyScore":0.24622108042240143,"goreScore":0.0029798096511512995}},{"FrameIndex":1980,"Adult":{"isAdultContent":false,"isRacyContent":false,"isGoryContent":false,"adultScore":0.00571043137460947,"racyScore":0.09037657082080841,"goreScore":0.0016858301823958755}},{"FrameIndex":2010,"Adult":{"isAdultContent":false,"isRacyContent":false,"isGoryContent":false,"adultScore":0.005766672547906637,"racyScore":0.039959609508514404,"goreScore":0.0022648137528449297}},{"FrameIndex":2040,"Adult":{"isAdultContent":false,"isRacyContent":false,"isGoryContent":false,"adultScore":0.0016151885502040386,"racyScore":0.0029281903989613056,"goreScore":0.00019953583250753582}},{"FrameIndex":2070,"Adult":{"isAdultContent":false,"isRacyContent":false,"isGoryContent":false,"adultScore":0.00040564898517914116,"racyScore":0.0011123836738988757,"goreScore":0.00011996576358797029}},{"FrameIndex":2100,"Adult":{"isAdultContent":false,"isRacyContent":false,"isGoryContent":false,"adultScore":0.0007140472298488021,"racyScore":0.0016961112851276994,"goreScore":0.0001776994758984074}},{"FrameIndex":2130,"Adult":{"isAdultContent":false,"isRacyContent":false,"isGoryContent":false,"adultScore":0.0014687917428091168,"racyScore":0.0035378378815948963,"goreScore":0.00040615309262648225}},{"FrameIndex":2160,"Adult":{"isAdultContent":false,"isRacyContent":false,"isGoryContent":false,"adultScore":0.0010346370982006192,"racyScore":0.003167863003909588,"goreScore":0.0003191536816302687}},{"FrameIndex":2190,"Adult":{"isAdultContent":false,"isRacyContent":false,"isGoryContent":false,"adultScore":0.010236382484436035,"racyScore":0.01380377821624279,"goreScore":0.0013249812182039022}},{"FrameIndex":2220,"Adult":{"isAdultContent":false,"isRacyContent":false,"isGoryContent":false,"adultScore":0.00177958351559937,"racyScore":0.0028690972831100225,"goreScore":0.0006422096048481762}},{"FrameIndex":2250,"Adult":{"isAdultContent":false,"isRacyContent":false,"isGoryContent":false,"adultScore":0.0016173962503671646,"racyScore":0.0026486574206501245,"goreScore":0.0005838860524818301}},{"FrameIndex":2280,"Adult":{"isAdultContent":false,"isRacyContent":false,"isGoryContent":false,"adultScore":0.001328074955381453,"racyScore":0.0019320519641041756,"goreScore":0.0005485796136781573}},{"FrameIndex":2310,"Adult":{"isAdultContent":false,"isRacyContent":false,"isGoryContent":false,"adultScore":0.00028115606983192265,"racyScore":0.0007979460060596466,"goreScore":0.00011264388012932613}},{"FrameIndex":2340,"Adult":{"isAdultContent":false,"isRacyContent":false,"isGoryContent":false,"adultScore":0.0016687862807884812,"racyScore":0.0030236237216740847,"goreScore":0.0004010883567389101}},{"FrameIndex":2370,"Adult":{"isAdultContent":false,"isRacyContent":false,"isGoryContent":false,"adultScore":0.000819748907815665,"racyScore":0.0016915560699999332,"goreScore":0.00031523886718787253}},{"FrameIndex":2400,"Adult":{"isAdultContent":false,"isRacyContent":false,"isGoryContent":false,"adultScore":0.0007778065628372133,"racyScore":0.0018843552097678185,"goreScore":0.0002766384859569371}},{"FrameIndex":2430,"Adult":{"isAdultContent":false,"isRacyContent":false,"isGoryContent":false,"adultScore":0.003031951142475009,"racyScore":0.005185307934880257,"goreScore":0.0005377273773774505}},{"FrameIndex":2460,"Adult":{"isAdultContent":false,"isRacyContent":false,"isGoryContent":false,"adultScore":0.0025757751427590847,"racyScore":0.01017618179321289,"goreScore":0.0007713446975685656}},{"FrameIndex":2490,"Adult":{"isAdultContent":false,"isRacyContent":false,"isGoryContent":false,"adultScore":0.0019758192356675863,"racyScore":0.002986852079629898,"goreScore":0.0006903850589878857}},{"FrameIndex":2520,"Adult":{"isAdultContent":false,"isRacyContent":false,"isGoryContent":false,"adultScore":0.0034322342835366726,"racyScore":0.004921728279441595,"goreScore":0.0008858659421093762}},{"FrameIndex":2550,"Adult":{"isAdultContent":false,"isRacyContent":false,"isGoryContent":false,"adultScore":0.0008754672599025071,"racyScore":0.002574892481788993,"goreScore":0.00046217223280109465}},{"FrameIndex":2580,"Adult":{"isAdultContent":false,"isRacyContent":false,"isGoryContent":false,"adultScore":0.0008882841793820262,"racyScore":0.0028175991028547287,"goreScore":0.0002638098376337439}},{"FrameIndex":2610,"Adult":{"isAdultContent":false,"isRacyContent":false,"isGoryContent":false,"adultScore":0.0038383479695767164,"racyScore":0.00526792136952281,"goreScore":0.000835498096421361}},{"FrameIndex":2640,"Adult":{"isAdultContent":false,"isRacyContent":false,"isGoryContent":false,"adultScore":0.0072390055283904076,"racyScore":0.008777571842074394,"goreScore":0.0016987848794087768}},{"FrameIndex":2670,"Adult":{"isAdultContent":false,"isRacyContent":false,"isGoryContent":false,"adultScore":0.005209185648709536,"racyScore":0.006242825649678707,"goreScore":0.00038447545375674963}},{"FrameIndex":2700,"Adult":{"isAdultContent":false,"isRacyContent":false,"isGoryContent":false,"adultScore":0.00424871826544404,"racyScore":0.004807222168892622,"goreScore":0.00020893945475108922}},{"FrameIndex":2730,"Adult":{"isAdultContent":false,"isRacyContent":false,"isGoryContent":false,"adultScore":0.0038161573465913534,"racyScore":0.005531621165573597,"goreScore":0.000911321840249002}},{"FrameIndex":2760,"Adult":{"isAdultContent":false,"isRacyContent":false,"isGoryContent":false,"adultScore":0.0019550230354070663,"racyScore":0.0034518777392804623,"goreScore":0.0015011238865554333}},{"FrameIndex":2790,"Adult":{"isAdultContent":false,"isRacyContent":false,"isGoryContent":false,"adultScore":0.002112766494974494,"racyScore":0.005579276010394096,"goreScore":0.0007273537921719253}},{"FrameIndex":2820,"Adult":{"isAdultContent":false,"isRacyContent":false,"isGoryContent":false,"adultScore":0.003768868511542678,"racyScore":0.03162277489900589,"goreScore":0.0008096731035038829}},{"FrameIndex":2850,"Adult":{"isAdultContent":false,"isRacyContent":false,"isGoryContent":false,"adultScore":0.004398666322231293,"racyScore":0.006455610506236553,"goreScore":0.0003975451982114464}},{"FrameIndex":2880,"Adult":{"isAdultContent":false,"isRacyContent":false,"isGoryContent":false,"adultScore":0.006727352272719145,"racyScore":0.009377816691994667,"goreScore":0.0004919928614981472}},{"FrameIndex":2910,"Adult":{"isAdultContent":false,"isRacyContent":false,"isGoryContent":false,"adultScore":0.0011085469741374254,"racyScore":0.0040662046521902084,"goreScore":0.0006646874244324863}},{"FrameIndex":2940,"Adult":{"isAdultContent":false,"isRacyContent":false,"isGoryContent":false,"adultScore":0.004160990938544273,"racyScore":0.006461760029196739,"goreScore":0.0006371666677296162}},{"FrameIndex":2970,"Adult":{"isAdultContent":false,"isRacyContent":false,"isGoryContent":false,"adultScore":0.015326615422964096,"racyScore":0.017997492104768753,"goreScore":0.0006456879200413823}},{"FrameIndex":3000,"Adult":{"isAdultContent":false,"isRacyContent":false,"isGoryContent":false,"adultScore":0.007459642831236124,"racyScore":0.018685357645154,"goreScore":0.001296920352615416}},{"FrameIndex":3030,"Adult":{"isAdultContent":false,"isRacyContent":false,"isGoryContent":false,"adultScore":0.005998849868774414,"racyScore":0.012188492342829704,"goreScore":0.0009358072420582175}},{"FrameIndex":3060,"Adult":{"isAdultContent":false,"isRacyContent":false,"isGoryContent":false,"adultScore":0.0005052132764831185,"racyScore":0.0011544936569407582,"goreScore":0.0003077895089518279}},{"FrameIndex":3090,"Adult":{"isAdultContent":false,"isRacyContent":false,"isGoryContent":false,"adultScore":0.0003674814652185887,"racyScore":0.0008949122857302427,"goreScore":0.00021915181423537433}},{"FrameIndex":3120,"Adult":{"isAdultContent":false,"isRacyContent":false,"isGoryContent":false,"adultScore":0.001171350129880011,"racyScore":0.0021299070212990046,"goreScore":0.0006697341450490057}},{"FrameIndex":3150,"Adult":{"isAdultContent":false,"isRacyContent":false,"isGoryContent":false,"adultScore":0.0011632730020210147,"racyScore":0.00212257937528193,"goreScore":0.0006575420266017318}},{"FrameIndex":3180,"Adult":{"isAdultContent":false,"isRacyContent":false,"isGoryContent":false,"adultScore":0.003473487449809909,"racyScore":0.0046930089592933655,"goreScore":0.0007713429513387382}},{"FrameIndex":3210,"Adult":{"isAdultContent":false,"isRacyContent":false,"isGoryContent":false,"adultScore":0.00166191381867975,"racyScore":0.0026190588250756264,"goreScore":0.0011099523399025202}},{"FrameIndex":3240,"Adult":{"isAdultContent":false,"isRacyContent":false,"isGoryContent":false,"adultScore":0.0060472646728158,"racyScore":0.007417707238346338,"goreScore":0.002019555075094104}},{"FrameIndex":3270,"Adult":{"isAdultContent":false,"isRacyContent":false,"isGoryContent":false,"adultScore":0.001247147680260241,"racyScore":0.0021163683850318193,"goreScore":0.00035903463140130043}},{"FrameIndex":3300,"Adult":{"isAdultContent":false,"isRacyContent":false,"isGoryContent":false,"adultScore":0.0010614522034302354,"racyScore":0.0017247858922928572,"goreScore":0.0003663139941636473}},{"FrameIndex":3330,"Adult":{"isAdultContent":false,"isRacyContent":false,"isGoryContent":false,"adultScore":0.021422946825623512,"racyScore":0.028270285576581955,"goreScore":0.0017673728289082646}},{"FrameIndex":3360,"Adult":{"isAdultContent":false,"isRacyContent":false,"isGoryContent":false,"adultScore":0.025596309453248978,"racyScore":0.03229663521051407,"goreScore":0.0021236147731542587}},{"FrameIndex":3390,"Adult":{"isAdultContent":false,"isRacyContent":false,"isGoryContent":false,"adultScore":0.025596309453248978,"racyScore":0.03229663521051407,"goreScore":0.0021236147731542587}}]}