{"Fps":29.97002997002997,"Results":[{"Label":[{"name":"black","confidence":0.9421802759170532,"hint":null,"highlyConfident":false},{"name":"darkness","confidence":0.8537994027137756,"hint":null,"highlyConfident":false}],"FrameIndex":0},{"Label":[{"name":"device","confidence":0.9865103960037231,"hint":null,"highlyConfident":true},{"name":"cloud","confidence":0.9795462489128113,"hint":null,"highlyConfident":true},{"name":"sky","confidence":0.9792565107345581,"hint":null,"highlyConfident":true},{"name":"outdoor","confidence":0.9389598369598389,"hint":null,"highlyConfident":false},{"name":"turbine","confidence":0.9329887628555298,"hint":null,"highlyConfident":false},{"name":"windmill","confidence":0.8988699913024902,"hint":null,"highlyConfident":false},{"name":"wind turbine","confidence":0.8951868414878845,"hint":null,"highlyConfident":false},{"name":"wind farm","confidence":0.883188009262085,"hint":null,"highlyConfident":false},{"name":"window","confidence":0.7187348008155823,"hint":null,"highlyConfident":false},{"name":"grass","confidence":0.7106809616088867,"hint":null,"highlyConfident":false},{"name":"clouds","confidence":0.6524791717529297,"hint":null,"highlyConfident":false},{"name":"landscape","confidence":0.4033769965171814,"hint":null,"highlyConfident":false}],"FrameIndex":30},{"Label":[{"name":"sky","confidence":0.9734489917755127,"hint":null,"highlyConfident":true},{"name":"cloud","confidence":0.9479328393936157,"hint":null,"highlyConfident":false},{"name":"outdoor","confidence":0.9444869756698608,"hint":null,"highlyConfident":false},{"name":"turbine","confidence":0.9438914060592651,"hint":null,"highlyConfident":false},{"name":"wind turbine","confidence":0.9004067778587341,"hint":null,"highlyConfident":false},{"name":"wind farm","confidence":0.8864661455154419,"hint":null,"highlyConfident":false},{"name":"windmill","confidence":0.8642871379852295,"hint":null,"highlyConfident":false},{"name":"window","confidence":0.7178418040275574,"hint":null,"highlyConfident":false},{"name":"plane","confidence":0.6508647203445435,"hint":null,"highlyConfident":false},{"name":"propeller","confidence":0.5598694086074829,"hint":null,"highlyConfident":false},{"name":"sun","confidence":0.547211229801178,"hint":null,"highlyConfident":false},{"name":"landscape","confidence":0.48514458537101746,"hint":null,"highlyConfident":false},{"name":"sunrise","confidence":0.45696622133255005,"hint":null,"highlyConfident":false},{"name":"sunset","confidence":0.4133663773536682,"hint":null,"highlyConfident":false}],"FrameIndex":60},{"Label":[{"name":"clothing","confidence":0.9965615272521973,"hint":null,"highlyConfident":true},{"name":"person","confidence":0.994421124458313,"hint":null,"highlyConfident":true},{"name":"human face","confidence":0.9823242425918579,"hint":null,"highlyConfident":true},{"name":"outdoor","confidence":0.9816203117370605,"hint":null,"highlyConfident":true},{"name":"building","confidence":0.9612445831298828,"hint":null,"highlyConfident":true},{"name":"street","confidence":0.9301393032073975,"hint":null,"highlyConfident":false},{"name":"snapshot","confidence":0.9108511209487915,"hint":null,"highlyConfident":false},{"name":"street fashion","confidence":0.8919664621353149,"hint":null,"highlyConfident":false},{"name":"road","confidence":0.8801651000976562,"hint":null,"highlyConfident":false},{"name":"smile","confidence":0.8751928210258484,"hint":null,"highlyConfident":false},{"name":"woman","confidence":0.8747234344482422,"hint":null,"highlyConfident":false},{"name":"photograph","confidence":0.8461034297943115,"hint":null,"highlyConfident":false},{"name":"holding","confidence":0.7248677611351013,"hint":null,"highlyConfident":false},{"name":"city","confidence":0.6596062183380127,"hint":null,"highlyConfident":false},{"name":"girl","confidence":0.614848256111145,"hint":null,"highlyConfident":false},{"name":"night","confidence":0.408601313829422,"hint":null,"highlyConfident":false}],"FrameIndex":90},{"Label":[{"name":"clothing","confidence":0.9955034852027893,"hint":null,"highlyConfident":true},{"name":"person","confidence":0.9938910007476807,"hint":null,"highlyConfident":true},{"name":"outdoor","confidence":0.9852303266525269,"hint":null,"highlyConfident":true},{"name":"human face","confidence":0.984261691570282,"hint":null,"highlyConfident":true},{"name":"street","confidence":0.9458051919937134,"hint":null,"highlyConfident":false},{"name":"snapshot","confidence":0.9391032457351685,"hint":null,"highlyConfident":false},{"name":"street fashion","confidence":0.9325873851776123,"hint":null,"highlyConfident":false},{"name":"building","confidence":0.9316057562828064,"hint":null,"highlyConfident":false},{"name":"road","confidence":0.8570417761802673,"hint":null,"highlyConfident":false},{"name":"photograph","confidence":0.8514615297317505,"hint":null,"highlyConfident":false},{"name":"woman","confidence":0.826600193977356,"hint":null,"highlyConfident":false},{"name":"girl","confidence":0.7959126234054565,"hint":null,"highlyConfident":false},{"name":"city","confidence":0.6779433488845825,"hint":null,"highlyConfident":false},{"name":"night","confidence":0.5594860911369324,"hint":null,"highlyConfident":false},{"name":"blur","confidence":0.5076111555099487,"hint":null,"highlyConfident":false}],"FrameIndex":120},{"Label":[{"name":"human face","confidence":0.998355507850647,"hint":null,"highlyConfident":true},{"name":"person","confidence":0.9847629070281982,"hint":null,"highlyConfident":true},{"name":"clothing","confidence":0.976360559463501,"hint":null,"highlyConfident":true},{"name":"smile","confidence":0.9387161731719971,"hint":null,"highlyConfident":false},{"name":"chin","confidence":0.9231571555137634,"hint":null,"highlyConfident":false},{"name":"neck","confidence":0.9071882963180542,"hint":null,"highlyConfident":false},{"name":"wall","confidence":0.9017206430435181,"hint":null,"highlyConfident":false},{"name":"lip","confidence":0.8839843273162842,"hint":null,"highlyConfident":false},{"name":"portrait","confidence":0.8775759339332581,"hint":null,"highlyConfident":false},{"name":"shoulder","confidence":0.8683719635009766,"hint":null,"highlyConfident":false},{"name":"skin","confidence":0.8554333448410034,"hint":null,"highlyConfident":false},{"name":"eyebrow","confidence":0.8458335399627686,"hint":null,"highlyConfident":false},{"name":"woman","confidence":0.7652227878570557,"hint":null,"highlyConfident":false},{"name":"indoor","confidence":0.7505647540092468,"hint":null,"highlyConfident":false},{"name":"headshot","confidence":0.5174798965454102,"hint":null,"highlyConfident":false}],"FrameIndex":150},{"Label":[{"name":"outdoor","confidence":0.9955729246139526,"hint":null,"highlyConfident":true},{"name":"tree","confidence":0.9951170682907104,"hint":null,"highlyConfident":true},{"name":"text","confidence":0.9873279333114624,"hint":null,"highlyConfident":true},{"name":"sky","confidence":0.9672726988792419,"hint":null,"highlyConfident":true},{"name":"sign","confidence":0.8105714917182922,"hint":null,"highlyConfident":false}],"FrameIndex":180},{"Label":[{"name":"insect","confidence":0.9926183819770813,"hint":null,"highlyConfident":true},{"name":"animal","confidence":0.9885924458503723,"hint":null,"highlyConfident":true},{"name":"invertebrate","confidence":0.9802200794219971,"hint":null,"highlyConfident":true},{"name":"membrane-winged insect","confidence":0.968389093875885,"hint":null,"highlyConfident":true},{"name":"pollinator","confidence":0.9640175104141235,"hint":null,"highlyConfident":true},{"name":"macro photography","confidence":0.9637547731399536,"hint":null,"highlyConfident":true},{"name":"pest","confidence":0.9574424028396606,"hint":null,"highlyConfident":true},{"name":"bee","confidence":0.9508078098297119,"hint":null,"highlyConfident":true},{"name":"arthropod","confidence":0.9488643407821655,"hint":null,"highlyConfident":false},{"name":"honeybee","confidence":0.8837626576423645,"hint":null,"highlyConfident":false},{"name":"hoverfly","confidence":0.8685342073440552,"hint":null,"highlyConfident":false},{"name":"net-winged insects","confidence":0.8653655052185059,"hint":null,"highlyConfident":false},{"name":"grass","confidence":0.7564209699630737,"hint":null,"highlyConfident":false},{"name":"yellow","confidence":0.7011547088623047,"hint":null,"highlyConfident":false},{"name":"outdoor","confidence":0.596401035785675,"hint":null,"highlyConfident":false}],"FrameIndex":210},{"Label":[{"name":"person","confidence":0.9980973601341248,"hint":null,"highlyConfident":true},{"name":"clothing","confidence":0.9430224895477295,"hint":null,"highlyConfident":false},{"name":"nail","confidence":0.9232600927352905,"hint":null,"highlyConfident":false},{"name":"ground","confidence":0.8747512102127075,"hint":null,"highlyConfident":false},{"name":"finger","confidence":0.8552097082138062,"hint":null,"highlyConfident":false},{"name":"outdoor","confidence":0.8249926567077637,"hint":null,"highlyConfident":false},{"name":"using","confidence":0.5767266750335693,"hint":null,"highlyConfident":false},{"name":"writing implement","confidence":0.5487117767333984,"hint":null,"highlyConfident":false},{"name":"tool","confidence":0.5230194926261902,"hint":null,"highlyConfident":false}],"FrameIndex":240},{"Label":[{"name":"person","confidence":0.9967288970947266,"hint":null,"highlyConfident":true},{"name":"man","confidence":0.9884229302406311,"hint":null,"highlyConfident":true},{"name":"clothing","confidence":0.9843491315841675,"hint":null,"highlyConfident":true},{"name":"human face","confidence":0.9782624244689941,"hint":null,"highlyConfident":true},{"name":"outdoor","confidence":0.9675400257110596,"hint":null,"highlyConfident":true},{"name":"building","confidence":0.9551345109939575,"hint":null,"highlyConfident":true},{"name":"shirt","confidence":0.9378451108932495,"hint":null,"highlyConfident":false},{"name":"human beard","confidence":0.9111301898956299,"hint":null,"highlyConfident":false},{"name":"street","confidence":0.5639873147010803,"hint":null,"highlyConfident":false}],"FrameIndex":270},{"Label":[{"name":"person","confidence":0.9975470304489136,"hint":null,"highlyConfident":true},{"name":"man","confidence":0.987055778503418,"hint":null,"highlyConfident":true},{"name":"human face","confidence":0.9869847297668457,"hint":null,"highlyConfident":true},{"name":"clothing","confidence":0.9829526543617249,"hint":null,"highlyConfident":true},{"name":"outdoor","confidence":0.9693731069564819,"hint":null,"highlyConfident":true},{"name":"building","confidence":0.9127376675605774,"hint":null,"highlyConfident":false},{"name":"human beard","confidence":0.8992506265640259,"hint":null,"highlyConfident":false},{"name":"holding","confidence":0.717893123626709,"hint":null,"highlyConfident":false},{"name":"street","confidence":0.6417136192321777,"hint":null,"highlyConfident":false}],"FrameIndex":300},{"Label":[{"name":"person","confidence":0.9497408270835876,"hint":null,"highlyConfident":false},{"name":"outdoor","confidence":0.7177432775497437,"hint":null,"highlyConfident":false},{"name":"bicycle","confidence":0.7110365033149719,"hint":null,"highlyConfident":false},{"name":"gas pump","confidence":0.6852154731750488,"hint":null,"highlyConfident":false},{"name":"bike","confidence":0.4104788601398468,"hint":null,"highlyConfident":false}],"FrameIndex":330},{"Label":[{"name":"window","confidence":0.85621178150177,"hint":null,"highlyConfident":false},{"name":"person","confidence":0.7995635271072388,"hint":null,"highlyConfident":false}],"FrameIndex":360},{"Label":[{"name":"machine","confidence":0.9512027502059937,"hint":null,"highlyConfident":true},{"name":"screenshot","confidence":0.9061920642852783,"hint":null,"highlyConfident":false},{"name":"robot","confidence":0.8426982760429382,"hint":null,"highlyConfident":false},{"name":"LEGO","confidence":0.8302686214447021,"hint":null,"highlyConfident":false}],"FrameIndex":390},{"Label":[{"name":"art","confidence":0.9239524006843567,"hint":null,"highlyConfident":false},{"name":"wall","confidence":0.9171685576438904,"hint":null,"highlyConfident":false},{"name":"indoor","confidence":0.9119229316711426,"hint":null,"highlyConfident":false},{"name":"flooring","confidence":0.8455781936645508,"hint":null,"highlyConfident":false},{"name":"floor","confidence":0.7565913200378418,"hint":null,"highlyConfident":false}],"FrameIndex":420},{"Label":[{"name":"screenshot","confidence":0.9060215950012207,"hint":null,"highlyConfident":false},{"name":"text","confidence":0.8694305419921875,"hint":null,"highlyConfident":false},{"name":"indoor","confidence":0.7630645036697388,"hint":null,"highlyConfident":false},{"name":"design","confidence":0.7106814384460449,"hint":null,"highlyConfident":false},{"name":"art","confidence":0.4280768036842346,"hint":null,"highlyConfident":false}],"FrameIndex":450},{"Label":[{"name":"screenshot","confidence":0.9119608402252197,"hint":null,"highlyConfident":false},{"name":"indoor","confidence":0.8997761011123657,"hint":null,"highlyConfident":false},{"name":"floor","confidence":0.691814661026001,"hint":null,"highlyConfident":false},{"name":"design","confidence":0.6068188548088074,"hint":null,"highlyConfident":false},{"name":"exhibition","confidence":0.5969107151031494,"hint":null,"highlyConfident":false},{"name":"innovation","confidence":0.44320547580718994,"hint":null,"highlyConfident":false},{"name":"art","confidence":0.4273815453052521,"hint":null,"highlyConfident":false}],"FrameIndex":480},{"Label":[{"name":"clothing","confidence":0.9901436567306519,"hint":null,"highlyConfident":true},{"name":"man","confidence":0.967660129070282,"hint":null,"highlyConfident":true},{"name":"person","confidence":0.9597249627113342,"hint":null,"highlyConfident":true},{"name":"woman","confidence":0.9590080976486206,"hint":null,"highlyConfident":true},{"name":"human face","confidence":0.9344935417175293,"hint":null,"highlyConfident":false},{"name":"screenshot","confidence":0.9029134511947632,"hint":null,"highlyConfident":false},{"name":"people","confidence":0.7311094999313354,"hint":null,"highlyConfident":false},{"name":"group","confidence":0.6383566856384277,"hint":null,"highlyConfident":false},{"name":"event","confidence":0.4611664414405823,"hint":null,"highlyConfident":false}],"FrameIndex":510},{"Label":[{"name":"human face","confidence":0.989548921585083,"hint":null,"highlyConfident":true},{"name":"person","confidence":0.9858038425445557,"hint":null,"highlyConfident":true},{"name":"shirt","confidence":0.9747592806816101,"hint":null,"highlyConfident":true},{"name":"forehead","confidence":0.9451448917388916,"hint":null,"highlyConfident":false},{"name":"chin","confidence":0.9443774223327637,"hint":null,"highlyConfident":false},{"name":"clothing","confidence":0.9396809339523315,"hint":null,"highlyConfident":false},{"name":"skin","confidence":0.914158284664154,"hint":null,"highlyConfident":false},{"name":"dress shirt","confidence":0.9019380807876587,"hint":null,"highlyConfident":false},{"name":"jaw","confidence":0.8965668678283691,"hint":null,"highlyConfident":false},{"name":"portrait","confidence":0.8809897899627686,"hint":null,"highlyConfident":false},{"name":"neck","confidence":0.8714675903320312,"hint":null,"highlyConfident":false},{"name":"wrinkle","confidence":0.8657410144805908,"hint":null,"highlyConfident":false},{"name":"human","confidence":0.8634303212165833,"hint":null,"highlyConfident":false},{"name":"man","confidence":0.8607313632965088,"hint":null,"highlyConfident":false},{"name":"screenshot","confidence":0.8549171090126038,"hint":null,"highlyConfident":false},{"name":"white-collar worker","confidence":0.8541561365127563,"hint":null,"highlyConfident":false},{"name":"gentleman","confidence":0.8436684012413025,"hint":null,"highlyConfident":false},{"name":"eyebrow","confidence":0.842825174331665,"hint":null,"highlyConfident":false},{"name":"wall","confidence":0.808483362197876,"hint":null,"highlyConfident":false},{"name":"wearing","confidence":0.652241587638855,"hint":null,"highlyConfident":false},{"name":"indoor","confidence":0.5663455724716187,"hint":null,"highlyConfident":false}],"FrameIndex":540},{"Label":[{"name":"human face","confidence":0.9980524778366089,"hint":null,"highlyConfident":true},{"name":"person","confidence":0.9892573356628418,"hint":null,"highlyConfident":true},{"name":"clothing","confidence":0.9818772077560425,"hint":null,"highlyConfident":true},{"name":"shirt","confidence":0.9781931638717651,"hint":null,"highlyConfident":true},{"name":"chin","confidence":0.9623353481292725,"hint":null,"highlyConfident":true},{"name":"forehead","confidence":0.9602397680282593,"hint":null,"highlyConfident":true},{"name":"dress shirt","confidence":0.9297593235969543,"hint":null,"highlyConfident":false},{"name":"portrait","confidence":0.9038890600204468,"hint":null,"highlyConfident":false},{"name":"man","confidence":0.8984707593917847,"hint":null,"highlyConfident":false},{"name":"skin","confidence":0.8972543478012085,"hint":null,"highlyConfident":false},{"name":"eyebrow","confidence":0.8924821019172668,"hint":null,"highlyConfident":false},{"name":"wrinkle","confidence":0.8890478610992432,"hint":null,"highlyConfident":false},{"name":"white-collar worker","confidence":0.8881464004516602,"hint":null,"highlyConfident":false},{"name":"gentleman","confidence":0.8842224478721619,"hint":null,"highlyConfident":false},{"name":"jaw","confidence":0.8749010562896729,"hint":null,"highlyConfident":false},{"name":"human","confidence":0.8684262037277222,"hint":null,"highlyConfident":false},{"name":"neck","confidence":0.8654594421386719,"hint":null,"highlyConfident":false},{"name":"formal wear","confidence":0.8592091798782349,"hint":null,"highlyConfident":false},{"name":"businessperson","confidence":0.8506523370742798,"hint":null,"highlyConfident":false},{"name":"comb over","confidence":0.8467332124710083,"hint":null,"highlyConfident":false},{"name":"cheek","confidence":0.8433375358581543,"hint":null,"highlyConfident":false},{"name":"wall","confidence":0.7941330671310425,"hint":null,"highlyConfident":false},{"name":"indoor","confidence":0.6126932501792908,"hint":null,"highlyConfident":false},{"name":"wearing","confidence":0.6066007614135742,"hint":null,"highlyConfident":false},{"name":"headshot","confidence":0.5909574031829834,"hint":null,"highlyConfident":false}],"FrameIndex":570},{"Label":[{"name":"human face","confidence":0.9948468208312988,"hint":null,"highlyConfident":true},{"name":"clothing","confidence":0.9921185970306396,"hint":null,"highlyConfident":true},{"name":"person","confidence":0.9910712242126465,"hint":null,"highlyConfident":true},{"name":"man","confidence":0.9726199507713318,"hint":null,"highlyConfident":true},{"name":"shirt","confidence":0.9678791761398315,"hint":null,"highlyConfident":true},{"name":"dress shirt","confidence":0.9236130714416504,"hint":null,"highlyConfident":false},{"name":"chin","confidence":0.8706579208374023,"hint":null,"highlyConfident":false},{"name":"wall","confidence":0.7465611696243286,"hint":null,"highlyConfident":false},{"name":"indoor","confidence":0.6828266978263855,"hint":null,"highlyConfident":false},{"name":"fabric","confidence":0.6505205631256104,"hint":null,"highlyConfident":false}],"FrameIndex":600},{"Label":[{"name":"human face","confidence":0.9961486458778381,"hint":null,"highlyConfident":true},{"name":"person","confidence":0.9917324185371399,"hint":null,"highlyConfident":true},{"name":"clothing","confidence":0.9915798902511597,"hint":null,"highlyConfident":true},{"name":"man","confidence":0.97530198097229,"hint":null,"highlyConfident":true},{"name":"shirt","confidence":0.968647837638855,"hint":null,"highlyConfident":true},{"name":"dress shirt","confidence":0.9236516952514648,"hint":null,"highlyConfident":false},{"name":"chin","confidence":0.8638798594474792,"hint":null,"highlyConfident":false},{"name":"wall","confidence":0.8141657114028931,"hint":null,"highlyConfident":false},{"name":"indoor","confidence":0.6984607577323914,"hint":null,"highlyConfident":false},{"name":"fabric","confidence":0.6665632128715515,"hint":null,"highlyConfident":false}],"FrameIndex":630},{"Label":[{"name":"clothing","confidence":0.9935575127601624,"hint":null,"highlyConfident":true},{"name":"outdoor","confidence":0.9840564727783203,"hint":null,"highlyConfident":true},{"name":"person","confidence":0.983121931552887,"hint":null,"highlyConfident":true},{"name":"hiking","confidence":0.9429124593734741,"hint":null,"highlyConfident":false},{"name":"forest","confidence":0.937497079372406,"hint":null,"highlyConfident":false},{"name":"trunk","confidence":0.9046975374221802,"hint":null,"highlyConfident":false},{"name":"fog","confidence":0.9032106995582581,"hint":null,"highlyConfident":false},{"name":"grass","confidence":0.8906618356704712,"hint":null,"highlyConfident":false},{"name":"man","confidence":0.861244797706604,"hint":null,"highlyConfident":false},{"name":"tree","confidence":0.8529970645904541,"hint":null,"highlyConfident":false},{"name":"sky","confidence":0.851864218711853,"hint":null,"highlyConfident":false},{"name":"woodland","confidence":0.8492056131362915,"hint":null,"highlyConfident":false},{"name":"plant","confidence":0.8034571409225464,"hint":null,"highlyConfident":false},{"name":"conifer","confidence":0.7634919881820679,"hint":null,"highlyConfident":false}],"FrameIndex":660},{"Label":[{"name":"clothing","confidence":0.9883242845535278,"hint":null,"highlyConfident":true},{"name":"outdoor","confidence":0.9803400039672852,"hint":null,"highlyConfident":true},{"name":"person","confidence":0.9795672297477722,"hint":null,"highlyConfident":true},{"name":"forest","confidence":0.9395947456359863,"hint":null,"highlyConfident":false},{"name":"trunk","confidence":0.9390847682952881,"hint":null,"highlyConfident":false},{"name":"tree","confidence":0.8961561918258667,"hint":null,"highlyConfident":false},{"name":"fog","confidence":0.8916875123977661,"hint":null,"highlyConfident":false},{"name":"grass","confidence":0.8746451735496521,"hint":null,"highlyConfident":false},{"name":"woodland","confidence":0.859217643737793,"hint":null,"highlyConfident":false},{"name":"sky","confidence":0.8504539728164673,"hint":null,"highlyConfident":false},{"name":"plant","confidence":0.828168511390686,"hint":null,"highlyConfident":false},{"name":"conifer","confidence":0.81413733959198,"hint":null,"highlyConfident":false}],"FrameIndex":690},{"Label":[{"name":"person","confidence":0.9970471858978271,"hint":null,"highlyConfident":true},{"name":"watch","confidence":0.9745714664459229,"hint":null,"highlyConfident":true},{"name":"finger","confidence":0.972931981086731,"hint":null,"highlyConfident":true},{"name":"wrist","confidence":0.969103217124939,"hint":null,"highlyConfident":true},{"name":"nail","confidence":0.947618842124939,"hint":null,"highlyConfident":false},{"name":"thumb","confidence":0.9432432651519775,"hint":null,"highlyConfident":false},{"name":"vein","confidence":0.8936066031455994,"hint":null,"highlyConfident":false},{"name":"holding hands","confidence":0.845638632774353,"hint":null,"highlyConfident":false},{"name":"hand","confidence":0.7043025493621826,"hint":null,"highlyConfident":false},{"name":"indoor","confidence":0.6091236472129822,"hint":null,"highlyConfident":false}],"FrameIndex":720},{"Label":[{"name":"person","confidence":0.996467113494873,"hint":null,"highlyConfident":true},{"name":"wrist","confidence":0.9300307035446167,"hint":null,"highlyConfident":false},{"name":"finger","confidence":0.9223943948745728,"hint":null,"highlyConfident":false},{"name":"clothing","confidence":0.882945716381073,"hint":null,"highlyConfident":false},{"name":"watch","confidence":0.8694429397583008,"hint":null,"highlyConfident":false},{"name":"thumb","confidence":0.8542029857635498,"hint":null,"highlyConfident":false},{"name":"indoor","confidence":0.7304342985153198,"hint":null,"highlyConfident":false}],"FrameIndex":750},{"Label":[{"name":"person","confidence":0.9825870394706726,"hint":null,"highlyConfident":true},{"name":"clothing","confidence":0.9754678010940552,"hint":null,"highlyConfident":true},{"name":"indoor","confidence":0.9690858125686646,"hint":null,"highlyConfident":true},{"name":"man","confidence":0.9231793880462646,"hint":null,"highlyConfident":false},{"name":"job","confidence":0.906057596206665,"hint":null,"highlyConfident":false},{"name":"laboratory","confidence":0.8823058009147644,"hint":null,"highlyConfident":false},{"name":"table","confidence":0.8795077204704285,"hint":null,"highlyConfident":false},{"name":"research institute","confidence":0.8760747909545898,"hint":null,"highlyConfident":false},{"name":"white coat","confidence":0.8666055202484131,"hint":null,"highlyConfident":false},{"name":"chef","confidence":0.8598840236663818,"hint":null,"highlyConfident":false},{"name":"service","confidence":0.8596128225326538,"hint":null,"highlyConfident":false},{"name":"chemistry","confidence":0.8547554612159729,"hint":null,"highlyConfident":false},{"name":"wall","confidence":0.8450716733932495,"hint":null,"highlyConfident":false},{"name":"kitchen","confidence":0.7215983867645264,"hint":null,"highlyConfident":false},{"name":"food","confidence":0.6150556206703186,"hint":null,"highlyConfident":false}],"FrameIndex":780},{"Label":[{"name":"sky","confidence":0.9842727780342102,"hint":null,"highlyConfident":true},{"name":"outdoor","confidence":0.755641758441925,"hint":null,"highlyConfident":false},{"name":"pole","confidence":0.578196108341217,"hint":null,"highlyConfident":false},{"name":"red","confidence":0.5574106574058533,"hint":null,"highlyConfident":false},{"name":"light","confidence":0.504260778427124,"hint":null,"highlyConfident":false},{"name":"bicycle","confidence":0.4259811043739319,"hint":null,"highlyConfident":false},{"name":"bike","confidence":0.40338048338890076,"hint":null,"highlyConfident":false}],"FrameIndex":810},{"Label":[{"name":"sky","confidence":0.9815922379493713,"hint":null,"highlyConfident":true},{"name":"outdoor","confidence":0.6598840355873108,"hint":null,"highlyConfident":false},{"name":"drone","confidence":0.4521782398223877,"hint":null,"highlyConfident":false}],"FrameIndex":840},{"Label":[{"name":"person","confidence":0.9882586002349854,"hint":null,"highlyConfident":true},{"name":"nail","confidence":0.9354400634765625,"hint":null,"highlyConfident":false},{"name":"finger","confidence":0.8974229693412781,"hint":null,"highlyConfident":false},{"name":"hand","confidence":0.8939130306243896,"hint":null,"highlyConfident":false},{"name":"indoor","confidence":0.8739621639251709,"hint":null,"highlyConfident":false}],"FrameIndex":870},{"Label":[{"name":"text","confidence":0.9937975406646729,"hint":null,"highlyConfident":true},{"name":"screenshot","confidence":0.9751189947128296,"hint":null,"highlyConfident":true}],"FrameIndex":900},{"Label":[{"name":"person","confidence":0.9939883351325989,"hint":null,"highlyConfident":true},{"name":"clothing","confidence":0.9655258655548096,"hint":null,"highlyConfident":true},{"name":"human face","confidence":0.950147807598114,"hint":null,"highlyConfident":true},{"name":"text","confidence":0.9214833378791809,"hint":null,"highlyConfident":false},{"name":"screenshot","confidence":0.8949853777885437,"hint":null,"highlyConfident":false},{"name":"woman","confidence":0.7855832576751709,"hint":null,"highlyConfident":false},{"name":"young","confidence":0.6226808428764343,"hint":null,"highlyConfident":false},{"name":"girl","confidence":0.597736656665802,"hint":null,"highlyConfident":false}],"FrameIndex":930},{"Label":[{"name":"person","confidence":0.995895504951477,"hint":null,"highlyConfident":true},{"name":"human face","confidence":0.9708353877067566,"hint":null,"highlyConfident":true},{"name":"clothing","confidence":0.9622445106506348,"hint":null,"highlyConfident":true},{"name":"screenshot","confidence":0.882116436958313,"hint":null,"highlyConfident":false},{"name":"brown hair","confidence":0.8542122840881348,"hint":null,"highlyConfident":false},{"name":"skin","confidence":0.8407335877418518,"hint":null,"highlyConfident":false},{"name":"woman","confidence":0.7734755277633667,"hint":null,"highlyConfident":false},{"name":"girl","confidence":0.6904520988464355,"hint":null,"highlyConfident":false},{"name":"young","confidence":0.6453880667686462,"hint":null,"highlyConfident":false},{"name":"telephone","confidence":0.5937509536743164,"hint":null,"highlyConfident":false}],"FrameIndex":960},{"Label":[{"name":"human face","confidence":0.9983583688735962,"hint":null,"highlyConfident":true},{"name":"clothing","confidence":0.9810186624526978,"hint":null,"highlyConfident":true},{"name":"person","confidence":0.9760466814041138,"hint":null,"highlyConfident":true},{"name":"shoulder","confidence":0.8638238310813904,"hint":null,"highlyConfident":false},{"name":"woman","confidence":0.637974202632904,"hint":null,"highlyConfident":false},{"name":"indoor","confidence":0.5781274437904358,"hint":null,"highlyConfident":false}],"FrameIndex":990},{"Label":[{"name":"human face","confidence":0.9975271224975586,"hint":null,"highlyConfident":true},{"name":"clothing","confidence":0.9852832555770874,"hint":null,"highlyConfident":true},{"name":"person","confidence":0.970687210559845,"hint":null,"highlyConfident":true},{"name":"shoulder","confidence":0.8867789506912231,"hint":null,"highlyConfident":false},{"name":"woman","confidence":0.5835845470428467,"hint":null,"highlyConfident":false},{"name":"indoor","confidence":0.5758618712425232,"hint":null,"highlyConfident":false}],"FrameIndex":1020},{"Label":[{"name":"black","confidence":0.9421802759170532,"hint":null,"highlyConfident":false},{"name":"darkness","confidence":0.8537994027137756,"hint":null,"highlyConfident":false}],"FrameIndex":1050},{"Label":[{"name":"blurry","confidence":0.926201581954956,"hint":null,"highlyConfident":false},{"name":"screenshot","confidence":0.9138964414596558,"hint":null,"highlyConfident":false},{"name":"water","confidence":0.8665839433670044,"hint":null,"highlyConfident":false},{"name":"street","confidence":0.7410166263580322,"hint":null,"highlyConfident":false},{"name":"outdoor","confidence":0.7173476219177246,"hint":null,"highlyConfident":false},{"name":"people","confidence":0.7119435667991638,"hint":null,"highlyConfident":false},{"name":"person","confidence":0.6510431170463562,"hint":null,"highlyConfident":false},{"name":"city","confidence":0.6436680555343628,"hint":null,"highlyConfident":false}],"FrameIndex":1080},{"Label":[{"name":"screenshot","confidence":0.8800643086433411,"hint":null,"highlyConfident":false},{"name":"water","confidence":0.8495891094207764,"hint":null,"highlyConfident":false},{"name":"outdoor","confidence":0.6964711546897888,"hint":null,"highlyConfident":false},{"name":"city","confidence":0.6066633462905884,"hint":null,"highlyConfident":false},{"name":"street","confidence":0.4385313391685486,"hint":null,"highlyConfident":false}],"FrameIndex":1110},{"Label":[{"name":"screenshot","confidence":0.9068485498428345,"hint":null,"highlyConfident":false}],"FrameIndex":1140},{"Label":[{"name":"text","confidence":0.9405807852745056,"hint":null,"highlyConfident":false},{"name":"screenshot","confidence":0.9067656993865967,"hint":null,"highlyConfident":false}],"FrameIndex":1170},{"Label":[{"name":"text","confidence":0.982740044593811,"hint":null,"highlyConfident":true},{"name":"screenshot","confidence":0.9107059240341187,"hint":null,"highlyConfident":false}],"FrameIndex":1200},{"Label":[{"name":"text","confidence":0.9815335273742676,"hint":null,"highlyConfident":true},{"name":"screenshot","confidence":0.9181461334228516,"hint":null,"highlyConfident":false}],"FrameIndex":1230},{"Label":[{"name":"person","confidence":0.9980332851409912,"hint":null,"highlyConfident":true},{"name":"clothing","confidence":0.9764864444732666,"hint":null,"highlyConfident":true},{"name":"indoor","confidence":0.8977142572402954,"hint":null,"highlyConfident":false},{"name":"finger","confidence":0.8972645998001099,"hint":null,"highlyConfident":false},{"name":"learning","confidence":0.8719671964645386,"hint":null,"highlyConfident":false},{"name":"nail","confidence":0.8507392406463623,"hint":null,"highlyConfident":false},{"name":"wall","confidence":0.7430875301361084,"hint":null,"highlyConfident":false}],"FrameIndex":1260},{"Label":[{"name":"person","confidence":0.9970500469207764,"hint":null,"highlyConfident":true},{"name":"clothing","confidence":0.9955754280090332,"hint":null,"highlyConfident":true},{"name":"human face","confidence":0.9882470369338989,"hint":null,"highlyConfident":true},{"name":"indoor","confidence":0.9781739711761475,"hint":null,"highlyConfident":true},{"name":"wall","confidence":0.977299690246582,"hint":null,"highlyConfident":true},{"name":"house","confidence":0.9221396446228027,"hint":null,"highlyConfident":false},{"name":"smile","confidence":0.9185382127761841,"hint":null,"highlyConfident":false},{"name":"furniture","confidence":0.8458795547485352,"hint":null,"highlyConfident":false},{"name":"playing","confidence":0.8354230523109436,"hint":null,"highlyConfident":false},{"name":"game","confidence":0.7774611711502075,"hint":null,"highlyConfident":false},{"name":"woman","confidence":0.6800650954246521,"hint":null,"highlyConfident":false},{"name":"family","confidence":0.5822500586509705,"hint":null,"highlyConfident":false},{"name":"people","confidence":0.5702334046363831,"hint":null,"highlyConfident":false}],"FrameIndex":1290},{"Label":[{"name":"clothing","confidence":0.998680830001831,"hint":null,"highlyConfident":true},{"name":"person","confidence":0.9981265068054199,"hint":null,"highlyConfident":true},{"name":"indoor","confidence":0.9848511219024658,"hint":null,"highlyConfident":true},{"name":"wall","confidence":0.9811360836029053,"hint":null,"highlyConfident":true},{"name":"human face","confidence":0.9807338714599609,"hint":null,"highlyConfident":true},{"name":"house","confidence":0.9446029663085938,"hint":null,"highlyConfident":false},{"name":"furniture","confidence":0.9338952302932739,"hint":null,"highlyConfident":false},{"name":"playing","confidence":0.8479064702987671,"hint":null,"highlyConfident":false},{"name":"game","confidence":0.8460739850997925,"hint":null,"highlyConfident":false},{"name":"man","confidence":0.8425009250640869,"hint":null,"highlyConfident":false},{"name":"people","confidence":0.7685485482215881,"hint":null,"highlyConfident":false},{"name":"family","confidence":0.7087083458900452,"hint":null,"highlyConfident":false},{"name":"remote","confidence":0.6455754637718201,"hint":null,"highlyConfident":false},{"name":"controller","confidence":0.5905430912971497,"hint":null,"highlyConfident":false},{"name":"woman","confidence":0.5517851114273071,"hint":null,"highlyConfident":false}],"FrameIndex":1320},{"Label":[{"name":"clothing","confidence":0.9978976249694824,"hint":null,"highlyConfident":true},{"name":"person","confidence":0.9965170621871948,"hint":null,"highlyConfident":true},{"name":"indoor","confidence":0.9931933879852295,"hint":null,"highlyConfident":true},{"name":"wall","confidence":0.9920214414596558,"hint":null,"highlyConfident":true},{"name":"human face","confidence":0.9887323379516602,"hint":null,"highlyConfident":true},{"name":"furniture","confidence":0.969230055809021,"hint":null,"highlyConfident":true},{"name":"house","confidence":0.9505770206451416,"hint":null,"highlyConfident":true},{"name":"couch","confidence":0.9319765567779541,"hint":null,"highlyConfident":false},{"name":"man","confidence":0.9157087206840515,"hint":null,"highlyConfident":false},{"name":"interior design","confidence":0.8961513042449951,"hint":null,"highlyConfident":false},{"name":"smile","confidence":0.872155487537384,"hint":null,"highlyConfident":false},{"name":"picture frame","confidence":0.8612880706787109,"hint":null,"highlyConfident":false},{"name":"coffee table","confidence":0.8474409580230713,"hint":null,"highlyConfident":false},{"name":"sitting","confidence":0.7570335865020752,"hint":null,"highlyConfident":false},{"name":"woman","confidence":0.745280385017395,"hint":null,"highlyConfident":false},{"name":"room","confidence":0.6913880109786987,"hint":null,"highlyConfident":false},{"name":"people","confidence":0.6606559157371521,"hint":null,"highlyConfident":false},{"name":"floor","confidence":0.6362607479095459,"hint":null,"highlyConfident":false},{"name":"family","confidence":0.60499107837677,"hint":null,"highlyConfident":false}],"FrameIndex":1350},{"Label":[{"name":"human face","confidence":0.9949864149093628,"hint":null,"highlyConfident":true},{"name":"clothing","confidence":0.9696646928787231,"hint":null,"highlyConfident":true},{"name":"person","confidence":0.9561682939529419,"hint":null,"highlyConfident":true},{"name":"shoulder","confidence":0.9242887496948242,"hint":null,"highlyConfident":false},{"name":"neck","confidence":0.8682118654251099,"hint":null,"highlyConfident":false},{"name":"wall","confidence":0.807770848274231,"hint":null,"highlyConfident":false},{"name":"woman","confidence":0.771885335445404,"hint":null,"highlyConfident":false},{"name":"sleeve","confidence":0.5533980131149292,"hint":null,"highlyConfident":false}],"FrameIndex":1380},{"Label":[{"name":"human face","confidence":0.9982085227966309,"hint":null,"highlyConfident":true},{"name":"person","confidence":0.98781418800354,"hint":null,"highlyConfident":true},{"name":"clothing","confidence":0.9865365028381348,"hint":null,"highlyConfident":true},{"name":"wall","confidence":0.8868256211280823,"hint":null,"highlyConfident":false},{"name":"shoulder","confidence":0.877272367477417,"hint":null,"highlyConfident":false},{"name":"woman","confidence":0.8213686943054199,"hint":null,"highlyConfident":false},{"name":"indoor","confidence":0.7546254396438599,"hint":null,"highlyConfident":false}],"FrameIndex":1410},{"Label":[{"name":"human face","confidence":0.9991837739944458,"hint":null,"highlyConfident":true},{"name":"person","confidence":0.980426013469696,"hint":null,"highlyConfident":true},{"name":"clothing","confidence":0.9783918261528015,"hint":null,"highlyConfident":true},{"name":"chin","confidence":0.9189701676368713,"hint":null,"highlyConfident":false},{"name":"portrait","confidence":0.9141848087310791,"hint":null,"highlyConfident":false},{"name":"neck","confidence":0.9044826030731201,"hint":null,"highlyConfident":false},{"name":"skin","confidence":0.8676165342330933,"hint":null,"highlyConfident":false},{"name":"lip","confidence":0.8664778470993042,"hint":null,"highlyConfident":false},{"name":"shoulder","confidence":0.8652546405792236,"hint":null,"highlyConfident":false},{"name":"portrait photography","confidence":0.8578330874443054,"hint":null,"highlyConfident":false},{"name":"eyebrow","confidence":0.8558170795440674,"hint":null,"highlyConfident":false},{"name":"woman","confidence":0.8284769654273987,"hint":null,"highlyConfident":false},{"name":"wall","confidence":0.8242459297180176,"hint":null,"highlyConfident":false},{"name":"indoor","confidence":0.656143844127655,"hint":null,"highlyConfident":false},{"name":"headshot","confidence":0.49959444999694824,"hint":null,"highlyConfident":false}],"FrameIndex":1440},{"Label":[{"name":"human face","confidence":0.9973164796829224,"hint":null,"highlyConfident":true},{"name":"person","confidence":0.9918384552001953,"hint":null,"highlyConfident":true},{"name":"clothing","confidence":0.9839164018630981,"hint":null,"highlyConfident":true},{"name":"wall","confidence":0.9256328344345093,"hint":null,"highlyConfident":false},{"name":"shoulder","confidence":0.9016342163085938,"hint":null,"highlyConfident":false},{"name":"smile","confidence":0.8951226472854614,"hint":null,"highlyConfident":false},{"name":"joint","confidence":0.8610789179801941,"hint":null,"highlyConfident":false},{"name":"woman","confidence":0.8392318487167358,"hint":null,"highlyConfident":false},{"name":"indoor","confidence":0.8005249500274658,"hint":null,"highlyConfident":false}],"FrameIndex":1470},{"Label":[{"name":"human face","confidence":0.9966791868209839,"hint":null,"highlyConfident":true},{"name":"person","confidence":0.9802957773208618,"hint":null,"highlyConfident":true},{"name":"clothing","confidence":0.9761393666267395,"hint":null,"highlyConfident":true},{"name":"wall","confidence":0.8968828916549683,"hint":null,"highlyConfident":false},{"name":"shoulder","confidence":0.896733820438385,"hint":null,"highlyConfident":false},{"name":"joint","confidence":0.84437495470047,"hint":null,"highlyConfident":false},{"name":"woman","confidence":0.8375709056854248,"hint":null,"highlyConfident":false},{"name":"indoor","confidence":0.7479665875434875,"hint":null,"highlyConfident":false}],"FrameIndex":1500},{"Label":[{"name":"screenshot","confidence":0.9375491142272949,"hint":null,"highlyConfident":false}],"FrameIndex":1530},{"Label":[{"name":"screenshot","confidence":0.9294759631156921,"hint":null,"highlyConfident":false},{"name":"text","confidence":0.8526245355606079,"hint":null,"highlyConfident":false}],"FrameIndex":1560},{"Label":[{"name":"screenshot","confidence":0.9422751069068909,"hint":null,"highlyConfident":false},{"name":"blurry","confidence":0.8787943124771118,"hint":null,"highlyConfident":false}],"FrameIndex":1590},{"Label":[{"name":"text","confidence":0.9565779566764832,"hint":null,"highlyConfident":true},{"name":"screenshot","confidence":0.9374597668647766,"hint":null,"highlyConfident":false}],"FrameIndex":1620},{"Label":[{"name":"text","confidence":0.9887327551841736,"hint":null,"highlyConfident":true},{"name":"screenshot","confidence":0.9427798986434937,"hint":null,"highlyConfident":false}],"FrameIndex":1650},{"Label":[{"name":"text","confidence":0.984157919883728,"hint":null,"highlyConfident":true},{"name":"screenshot","confidence":0.92283695936203,"hint":null,"highlyConfident":false}],"FrameIndex":1680},{"Label":[{"name":"text","confidence":0.9758141040802002,"hint":null,"highlyConfident":true},{"name":"screenshot","confidence":0.9189192056655884,"hint":null,"highlyConfident":false}],"FrameIndex":1710},{"Label":[{"name":"human face","confidence":0.9973254203796387,"hint":null,"highlyConfident":true},{"name":"person","confidence":0.9886332750320435,"hint":null,"highlyConfident":true},{"name":"clothing","confidence":0.985487699508667,"hint":null,"highlyConfident":true},{"name":"shoulder","confidence":0.932550311088562,"hint":null,"highlyConfident":false},{"name":"wall","confidence":0.8759191036224365,"hint":null,"highlyConfident":false},{"name":"neck","confidence":0.8689641356468201,"hint":null,"highlyConfident":false},{"name":"joint","confidence":0.8492897152900696,"hint":null,"highlyConfident":false},{"name":"woman","confidence":0.7614054679870605,"hint":null,"highlyConfident":false},{"name":"indoor","confidence":0.720318078994751,"hint":null,"highlyConfident":false},{"name":"sleeve","confidence":0.6895321607589722,"hint":null,"highlyConfident":false}],"FrameIndex":1740},{"Label":[{"name":"human face","confidence":0.9983205199241638,"hint":null,"highlyConfident":true},{"name":"person","confidence":0.992716908454895,"hint":null,"highlyConfident":true},{"name":"clothing","confidence":0.9857832789421082,"hint":null,"highlyConfident":true},{"name":"shoulder","confidence":0.9280490875244141,"hint":null,"highlyConfident":false},{"name":"wall","confidence":0.9179015159606934,"hint":null,"highlyConfident":false},{"name":"joint","confidence":0.8611072301864624,"hint":null,"highlyConfident":false},{"name":"neck","confidence":0.8543006181716919,"hint":null,"highlyConfident":false},{"name":"woman","confidence":0.8105944395065308,"hint":null,"highlyConfident":false},{"name":"indoor","confidence":0.7508488893508911,"hint":null,"highlyConfident":false},{"name":"sleeve","confidence":0.5329076647758484,"hint":null,"highlyConfident":false}],"FrameIndex":1770},{"Label":[{"name":"building","confidence":0.9060506820678711,"hint":null,"highlyConfident":false},{"name":"screenshot","confidence":0.8484939336776733,"hint":null,"highlyConfident":false},{"name":"city","confidence":0.7242798209190369,"hint":null,"highlyConfident":false},{"name":"street","confidence":0.6091139316558838,"hint":null,"highlyConfident":false},{"name":"light","confidence":0.5609590411186218,"hint":null,"highlyConfident":false}],"FrameIndex":1800},{"Label":[{"name":"human face","confidence":0.9973304271697998,"hint":null,"highlyConfident":true},{"name":"clothing","confidence":0.9965755343437195,"hint":null,"highlyConfident":true},{"name":"person","confidence":0.9941778182983398,"hint":null,"highlyConfident":true},{"name":"shirt","confidence":0.9580063223838806,"hint":null,"highlyConfident":true},{"name":"wall","confidence":0.9351418018341064,"hint":null,"highlyConfident":false},{"name":"man","confidence":0.9151210784912109,"hint":null,"highlyConfident":false},{"name":"dress shirt","confidence":0.8956817984580994,"hint":null,"highlyConfident":false},{"name":"speech","confidence":0.8722614049911499,"hint":null,"highlyConfident":false},{"name":"chin","confidence":0.8643943071365356,"hint":null,"highlyConfident":false},{"name":"orator","confidence":0.8419362306594849,"hint":null,"highlyConfident":false},{"name":"indoor","confidence":0.8345009088516235,"hint":null,"highlyConfident":false}],"FrameIndex":1830},{"Label":[{"name":"person","confidence":0.9859776496887207,"hint":null,"highlyConfident":true},{"name":"clothing","confidence":0.8870671987533569,"hint":null,"highlyConfident":false},{"name":"human face","confidence":0.8682725429534912,"hint":null,"highlyConfident":false},{"name":"hairstyle","confidence":0.8432824611663818,"hint":null,"highlyConfident":false},{"name":"indoor","confidence":0.7493360042572021,"hint":null,"highlyConfident":false},{"name":"looking","confidence":0.5858435034751892,"hint":null,"highlyConfident":false}],"FrameIndex":1860},{"Label":[{"name":"human face","confidence":0.9965288043022156,"hint":null,"highlyConfident":true},{"name":"person","confidence":0.9808396697044373,"hint":null,"highlyConfident":true},{"name":"man","confidence":0.9775346517562866,"hint":null,"highlyConfident":true},{"name":"clothing","confidence":0.9630604982376099,"hint":null,"highlyConfident":true},{"name":"forehead","confidence":0.9330289363861084,"hint":null,"highlyConfident":false},{"name":"gentleman","confidence":0.9311766624450684,"hint":null,"highlyConfident":false},{"name":"formal wear","confidence":0.9011293649673462,"hint":null,"highlyConfident":false},{"name":"businessperson","confidence":0.8915505409240723,"hint":null,"highlyConfident":false},{"name":"chin","confidence":0.8842103481292725,"hint":null,"highlyConfident":false},{"name":"white-collar worker","confidence":0.8817399740219116,"hint":null,"highlyConfident":false},{"name":"portrait","confidence":0.8692773580551147,"hint":null,"highlyConfident":false},{"name":"blazer","confidence":0.859871506690979,"hint":null,"highlyConfident":false},{"name":"eyewear","confidence":0.8595832586288452,"hint":null,"highlyConfident":false},{"name":"glasses","confidence":0.8300732374191284,"hint":null,"highlyConfident":false},{"name":"wearing","confidence":0.6838208436965942,"hint":null,"highlyConfident":false},{"name":"indoor","confidence":0.6623808741569519,"hint":null,"highlyConfident":false},{"name":"suit","confidence":0.6173973083496094,"hint":null,"highlyConfident":false}],"FrameIndex":1890},{"Label":[{"name":"person","confidence":0.9640470147132874,"hint":null,"highlyConfident":true},{"name":"indoor","confidence":0.9298411011695862,"hint":null,"highlyConfident":false},{"name":"laptop","confidence":0.9253705739974976,"hint":null,"highlyConfident":false},{"name":"keyboard","confidence":0.9188144207000732,"hint":null,"highlyConfident":false},{"name":"screenshot","confidence":0.8941351175308228,"hint":null,"highlyConfident":false},{"name":"computer","confidence":0.8548041582107544,"hint":null,"highlyConfident":false},{"name":"typing","confidence":0.843412458896637,"hint":null,"highlyConfident":false},{"name":"hand","confidence":0.681835412979126,"hint":null,"highlyConfident":false},{"name":"using","confidence":0.5907058715820312,"hint":null,"highlyConfident":false}],"FrameIndex":1920},{"Label":[{"name":"text","confidence":0.9982844591140747,"hint":null,"highlyConfident":true},{"name":"screenshot","confidence":0.9583002924919128,"hint":null,"highlyConfident":true},{"name":"computer","confidence":0.9503043293952942,"hint":null,"highlyConfident":true},{"name":"gadget","confidence":0.8955085277557373,"hint":null,"highlyConfident":false},{"name":"electronic device","confidence":0.8920235633850098,"hint":null,"highlyConfident":false},{"name":"multimedia","confidence":0.8506120443344116,"hint":null,"highlyConfident":false},{"name":"person","confidence":0.7923885583877563,"hint":null,"highlyConfident":false},{"name":"hand","confidence":0.6467729210853577,"hint":null,"highlyConfident":false},{"name":"indoor","confidence":0.6059558391571045,"hint":null,"highlyConfident":false},{"name":"touch","confidence":0.4112151265144348,"hint":null,"highlyConfident":false}],"FrameIndex":1950},{"Label":[{"name":"text","confidence":0.9998073577880859,"hint":null,"highlyConfident":true},{"name":"screenshot","confidence":0.9733264446258545,"hint":null,"highlyConfident":true},{"name":"computer","confidence":0.9248046875,"hint":null,"highlyConfident":false},{"name":"person","confidence":0.7694753408432007,"hint":null,"highlyConfident":false},{"name":"hand","confidence":0.4642030894756317,"hint":null,"highlyConfident":false}],"FrameIndex":1980},{"Label":[{"name":"text","confidence":0.9999446868896484,"hint":null,"highlyConfident":true},{"name":"screenshot","confidence":0.9388114213943481,"hint":null,"highlyConfident":false},{"name":"computer","confidence":0.8938286304473877,"hint":null,"highlyConfident":false},{"name":"person","confidence":0.7970173358917236,"hint":null,"highlyConfident":false},{"name":"hand","confidence":0.6824139952659607,"hint":null,"highlyConfident":false}],"FrameIndex":2010},{"Label":[{"name":"human face","confidence":0.9945685863494873,"hint":null,"highlyConfident":true},{"name":"screenshot","confidence":0.9481023550033569,"hint":null,"highlyConfident":false},{"name":"person","confidence":0.677332878112793,"hint":null,"highlyConfident":false},{"name":"woman","confidence":0.5811254382133484,"hint":null,"highlyConfident":false},{"name":"art","confidence":0.48094791173934937,"hint":null,"highlyConfident":false},{"name":"portrait","confidence":0.426544725894928,"hint":null,"highlyConfident":false}],"FrameIndex":2040},{"Label":[{"name":"human face","confidence":0.9985485076904297,"hint":null,"highlyConfident":true},{"name":"smile","confidence":0.9927740097045898,"hint":null,"highlyConfident":true},{"name":"man","confidence":0.9833894968032837,"hint":null,"highlyConfident":true},{"name":"person","confidence":0.9704530239105225,"hint":null,"highlyConfident":true},{"name":"screenshot","confidence":0.9478266835212708,"hint":null,"highlyConfident":false},{"name":"forehead","confidence":0.9132708311080933,"hint":null,"highlyConfident":false},{"name":"chin","confidence":0.8564291000366211,"hint":null,"highlyConfident":false},{"name":"portrait","confidence":0.8421468734741211,"hint":null,"highlyConfident":false},{"name":"picture frame","confidence":0.8147119879722595,"hint":null,"highlyConfident":false},{"name":"indoor","confidence":0.5361502170562744,"hint":null,"highlyConfident":false}],"FrameIndex":2070},{"Label":[{"name":"human face","confidence":0.9977673292160034,"hint":null,"highlyConfident":true},{"name":"person","confidence":0.992520272731781,"hint":null,"highlyConfident":true},{"name":"clothing","confidence":0.9718763828277588,"hint":null,"highlyConfident":true},{"name":"man","confidence":0.9611556529998779,"hint":null,"highlyConfident":true},{"name":"chin","confidence":0.9580658674240112,"hint":null,"highlyConfident":true},{"name":"shirt","confidence":0.9580631256103516,"hint":null,"highlyConfident":true},{"name":"forehead","confidence":0.9519709348678589,"hint":null,"highlyConfident":true},{"name":"skin","confidence":0.9019211530685425,"hint":null,"highlyConfident":false},{"name":"dress shirt","confidence":0.896680474281311,"hint":null,"highlyConfident":false},{"name":"wrinkle","confidence":0.8950466513633728,"hint":null,"highlyConfident":false},{"name":"senior citizen","confidence":0.8665012717247009,"hint":null,"highlyConfident":false},{"name":"white-collar worker","confidence":0.862085223197937,"hint":null,"highlyConfident":false},{"name":"human","confidence":0.8498376607894897,"hint":null,"highlyConfident":false},{"name":"eyebrow","confidence":0.8478821516036987,"hint":null,"highlyConfident":false},{"name":"indoor","confidence":0.6178525686264038,"hint":null,"highlyConfident":false},{"name":"portrait","confidence":0.5504244565963745,"hint":null,"highlyConfident":false},{"name":"fabric","confidence":0.5304305553436279,"hint":null,"highlyConfident":false}],"FrameIndex":2100},{"Label":[{"name":"human face","confidence":0.9965972900390625,"hint":null,"highlyConfident":true},{"name":"clothing","confidence":0.9959038496017456,"hint":null,"highlyConfident":true},{"name":"person","confidence":0.9948091506958008,"hint":null,"highlyConfident":true},{"name":"shirt","confidence":0.9868018627166748,"hint":null,"highlyConfident":true},{"name":"wall","confidence":0.9425747394561768,"hint":null,"highlyConfident":false},{"name":"dress shirt","confidence":0.9425413012504578,"hint":null,"highlyConfident":false},{"name":"man","confidence":0.9315181970596313,"hint":null,"highlyConfident":false},{"name":"chin","confidence":0.8776596188545227,"hint":null,"highlyConfident":false},{"name":"indoor","confidence":0.8541430234909058,"hint":null,"highlyConfident":false},{"name":"collar","confidence":0.850612998008728,"hint":null,"highlyConfident":false},{"name":"joint","confidence":0.841732382774353,"hint":null,"highlyConfident":false}],"FrameIndex":2130},{"Label":[{"name":"clothing","confidence":0.995991587638855,"hint":null,"highlyConfident":true},{"name":"human face","confidence":0.9957026839256287,"hint":null,"highlyConfident":true},{"name":"person","confidence":0.99378502368927,"hint":null,"highlyConfident":true},{"name":"shirt","confidence":0.9894698858261108,"hint":null,"highlyConfident":true},{"name":"dress shirt","confidence":0.9533367156982422,"hint":null,"highlyConfident":true},{"name":"wall","confidence":0.9328269958496094,"hint":null,"highlyConfident":false},{"name":"man","confidence":0.9134178161621094,"hint":null,"highlyConfident":false},{"name":"chin","confidence":0.878898561000824,"hint":null,"highlyConfident":false},{"name":"collar","confidence":0.8697620630264282,"hint":null,"highlyConfident":false},{"name":"indoor","confidence":0.8201924562454224,"hint":null,"highlyConfident":false}],"FrameIndex":2160},{"Label":[{"name":"clothing","confidence":0.9811517000198364,"hint":null,"highlyConfident":true},{"name":"indoor","confidence":0.9778887033462524,"hint":null,"highlyConfident":true},{"name":"person","confidence":0.9585602283477783,"hint":null,"highlyConfident":true},{"name":"human face","confidence":0.9335089325904846,"hint":null,"highlyConfident":false},{"name":"presentation","confidence":0.9246537685394287,"hint":null,"highlyConfident":false},{"name":"lecture","confidence":0.9240758419036865,"hint":null,"highlyConfident":false},{"name":"woman","confidence":0.9153574705123901,"hint":null,"highlyConfident":false},{"name":"professor","confidence":0.9088555574417114,"hint":null,"highlyConfident":false},{"name":"whiteboard","confidence":0.8976832628250122,"hint":null,"highlyConfident":false},{"name":"wall","confidence":0.8891770839691162,"hint":null,"highlyConfident":false},{"name":"seminar","confidence":0.8796859383583069,"hint":null,"highlyConfident":false},{"name":"public speaking","confidence":0.865501344203949,"hint":null,"highlyConfident":false},{"name":"conference hall","confidence":0.8509349226951599,"hint":null,"highlyConfident":false},{"name":"people","confidence":0.84963458776474,"hint":null,"highlyConfident":false},{"name":"teacher","confidence":0.8434324264526367,"hint":null,"highlyConfident":false}],"FrameIndex":2190},{"Label":[{"name":"daylighting","confidence":0.8935040235519409,"hint":null,"highlyConfident":false},{"name":"steel","confidence":0.8785281181335449,"hint":null,"highlyConfident":false},{"name":"iron","confidence":0.8772839307785034,"hint":null,"highlyConfident":false},{"name":"building","confidence":0.8533080816268921,"hint":null,"highlyConfident":false},{"name":"metal","confidence":0.8509912490844727,"hint":null,"highlyConfident":false},{"name":"indoor","confidence":0.6263792514801025,"hint":null,"highlyConfident":false},{"name":"glass","confidence":0.544665515422821,"hint":null,"highlyConfident":false},{"name":"architecture","confidence":0.5085691213607788,"hint":null,"highlyConfident":false},{"name":"reflection","confidence":0.49194440245628357,"hint":null,"highlyConfident":false},{"name":"window","confidence":0.42879170179367065,"hint":null,"highlyConfident":false}],"FrameIndex":2220},{"Label":[{"name":"steel","confidence":0.9060705900192261,"hint":null,"highlyConfident":false},{"name":"daylighting","confidence":0.9004716277122498,"hint":null,"highlyConfident":false},{"name":"iron","confidence":0.8934804201126099,"hint":null,"highlyConfident":false},{"name":"metal","confidence":0.8747341632843018,"hint":null,"highlyConfident":false},{"name":"building","confidence":0.8267078399658203,"hint":null,"highlyConfident":false},{"name":"indoor","confidence":0.714783251285553,"hint":null,"highlyConfident":false},{"name":"art","confidence":0.48024722933769226,"hint":null,"highlyConfident":false},{"name":"glass","confidence":0.45024868845939636,"hint":null,"highlyConfident":false}],"FrameIndex":2250},{"Label":[{"name":"personal protective equipment","confidence":0.9212067127227783,"hint":null,"highlyConfident":false},{"name":"helmet","confidence":0.9063428640365601,"hint":null,"highlyConfident":false}],"FrameIndex":2280},{"Label":[{"name":"screenshot","confidence":0.969220757484436,"hint":null,"highlyConfident":true},{"name":"text","confidence":0.9537575244903564,"hint":null,"highlyConfident":true},{"name":"display device","confidence":0.8685471415519714,"hint":null,"highlyConfident":false},{"name":"technology","confidence":0.51947420835495,"hint":null,"highlyConfident":false}],"FrameIndex":2310},{"Label":[{"name":"text","confidence":0.9999363422393799,"hint":null,"highlyConfident":true},{"name":"font","confidence":0.9061729907989502,"hint":null,"highlyConfident":false},{"name":"number","confidence":0.8924703001976013,"hint":null,"highlyConfident":false},{"name":"handwriting","confidence":0.8582173585891724,"hint":null,"highlyConfident":false},{"name":"document","confidence":0.8447151184082031,"hint":null,"highlyConfident":false}],"FrameIndex":2340},{"Label":[{"name":"text","confidence":0.9999462366104126,"hint":null,"highlyConfident":true},{"name":"font","confidence":0.8999345302581787,"hint":null,"highlyConfident":false},{"name":"number","confidence":0.8900070786476135,"hint":null,"highlyConfident":false}],"FrameIndex":2370},{"Label":[{"name":"human face","confidence":0.9974124431610107,"hint":null,"highlyConfident":true},{"name":"person","confidence":0.9859943985939026,"hint":null,"highlyConfident":true},{"name":"clothing","confidence":0.97459477186203,"hint":null,"highlyConfident":true},{"name":"man","confidence":0.964180588722229,"hint":null,"highlyConfident":true},{"name":"shirt","confidence":0.9558444023132324,"hint":null,"highlyConfident":true},{"name":"chin","confidence":0.9448820352554321,"hint":null,"highlyConfident":false},{"name":"forehead","confidence":0.934161365032196,"hint":null,"highlyConfident":false},{"name":"dress shirt","confidence":0.8862781524658203,"hint":null,"highlyConfident":false},{"name":"wrinkle","confidence":0.8757044672966003,"hint":null,"highlyConfident":false},{"name":"white-collar worker","confidence":0.8612110614776611,"hint":null,"highlyConfident":false},{"name":"skin","confidence":0.8593893051147461,"hint":null,"highlyConfident":false},{"name":"businessperson","confidence":0.8438441753387451,"hint":null,"highlyConfident":false},{"name":"human","confidence":0.8430628180503845,"hint":null,"highlyConfident":false},{"name":"wall","confidence":0.7539770603179932,"hint":null,"highlyConfident":false},{"name":"fabric","confidence":0.6930252313613892,"hint":null,"highlyConfident":false},{"name":"indoor","confidence":0.6309372782707214,"hint":null,"highlyConfident":false},{"name":"portrait","confidence":0.47856512665748596,"hint":null,"highlyConfident":false}],"FrameIndex":2400},{"Label":[{"name":"grass","confidence":0.9977419376373291,"hint":null,"highlyConfident":true},{"name":"outdoor","confidence":0.982819676399231,"hint":null,"highlyConfident":true},{"name":"tractor","confidence":0.9353761076927185,"hint":null,"highlyConfident":false},{"name":"farm machine","confidence":0.8732771873474121,"hint":null,"highlyConfident":false},{"name":"vehicle","confidence":0.8648640513420105,"hint":null,"highlyConfident":false},{"name":"plain","confidence":0.8604159355163574,"hint":null,"highlyConfident":false},{"name":"agricultural machinery","confidence":0.8440312147140503,"hint":null,"highlyConfident":false},{"name":"field","confidence":0.7314732074737549,"hint":null,"highlyConfident":false},{"name":"truck","confidence":0.6702382564544678,"hint":null,"highlyConfident":false}],"FrameIndex":2430},{"Label":[{"name":"grass","confidence":0.9829981327056885,"hint":null,"highlyConfident":true},{"name":"outdoor","confidence":0.9515446424484253,"hint":null,"highlyConfident":true},{"name":"hinterland","confidence":0.844467282295227,"hint":null,"highlyConfident":false},{"name":"field","confidence":0.5717008709907532,"hint":null,"highlyConfident":false},{"name":"farm","confidence":0.5126290917396545,"hint":null,"highlyConfident":false}],"FrameIndex":2460},{"Label":[{"name":"outdoor","confidence":0.9719513058662415,"hint":null,"highlyConfident":true},{"name":"grass","confidence":0.9712038040161133,"hint":null,"highlyConfident":true}],"FrameIndex":2490},{"Label":[{"name":"outdoor","confidence":0.9614828824996948,"hint":null,"highlyConfident":true},{"name":"grass","confidence":0.8587478995323181,"hint":null,"highlyConfident":false},{"name":"bird","confidence":0.8566576242446899,"hint":null,"highlyConfident":false},{"name":"fence","confidence":0.8470038175582886,"hint":null,"highlyConfident":false},{"name":"animal","confidence":0.5648809671401978,"hint":null,"highlyConfident":false}],"FrameIndex":2520},{"Label":[{"name":"human face","confidence":0.9958316087722778,"hint":null,"highlyConfident":true},{"name":"clothing","confidence":0.9925751686096191,"hint":null,"highlyConfident":true},{"name":"person","confidence":0.9896995425224304,"hint":null,"highlyConfident":true},{"name":"shirt","confidence":0.9765465259552002,"hint":null,"highlyConfident":true},{"name":"man","confidence":0.9310077428817749,"hint":null,"highlyConfident":false},{"name":"wall","confidence":0.9265691041946411,"hint":null,"highlyConfident":false},{"name":"dress shirt","confidence":0.9084916114807129,"hint":null,"highlyConfident":false},{"name":"chin","confidence":0.8925347328186035,"hint":null,"highlyConfident":false},{"name":"indoor","confidence":0.8517385125160217,"hint":null,"highlyConfident":false},{"name":"joint","confidence":0.8421136140823364,"hint":null,"highlyConfident":false},{"name":"fabric","confidence":0.6699414253234863,"hint":null,"highlyConfident":false}],"FrameIndex":2550},{"Label":[{"name":"human face","confidence":0.9961930513381958,"hint":null,"highlyConfident":true},{"name":"clothing","confidence":0.9947925209999084,"hint":null,"highlyConfident":true},{"name":"person","confidence":0.99129319190979,"hint":null,"highlyConfident":true},{"name":"shirt","confidence":0.9725239276885986,"hint":null,"highlyConfident":true},{"name":"dress shirt","confidence":0.9200598001480103,"hint":null,"highlyConfident":false},{"name":"wall","confidence":0.9148075580596924,"hint":null,"highlyConfident":false},{"name":"man","confidence":0.894921064376831,"hint":null,"highlyConfident":false},{"name":"chin","confidence":0.8908186554908752,"hint":null,"highlyConfident":false},{"name":"indoor","confidence":0.8378781080245972,"hint":null,"highlyConfident":false}],"FrameIndex":2580},{"Label":[{"name":"text","confidence":0.9999916553497314,"hint":null,"highlyConfident":true},{"name":"screenshot","confidence":0.9588874578475952,"hint":null,"highlyConfident":true},{"name":"display","confidence":0.9519888162612915,"hint":null,"highlyConfident":true},{"name":"number","confidence":0.8706542253494263,"hint":null,"highlyConfident":false},{"name":"computer","confidence":0.8665664792060852,"hint":null,"highlyConfident":false},{"name":"software","confidence":0.8507142066955566,"hint":null,"highlyConfident":false},{"name":"operating system","confidence":0.8438436985015869,"hint":null,"highlyConfident":false}],"FrameIndex":2610},{"Label":[{"name":"person","confidence":0.9919848442077637,"hint":null,"highlyConfident":true},{"name":"indoor","confidence":0.9915329217910767,"hint":null,"highlyConfident":true},{"name":"man","confidence":0.9681987762451172,"hint":null,"highlyConfident":true},{"name":"laptop","confidence":0.9611055850982666,"hint":null,"highlyConfident":true},{"name":"clothing","confidence":0.9516063928604126,"hint":null,"highlyConfident":true},{"name":"office building","confidence":0.9378641843795776,"hint":null,"highlyConfident":false},{"name":"personal computer","confidence":0.9135223627090454,"hint":null,"highlyConfident":false},{"name":"wall","confidence":0.9077928066253662,"hint":null,"highlyConfident":false},{"name":"computer","confidence":0.8852179050445557,"hint":null,"highlyConfident":false},{"name":"ceiling","confidence":0.8713719844818115,"hint":null,"highlyConfident":false},{"name":"desk","confidence":0.8681488037109375,"hint":null,"highlyConfident":false},{"name":"computer monitor","confidence":0.8598771095275879,"hint":null,"highlyConfident":false}],"FrameIndex":2640},{"Label":[{"name":"indoor","confidence":0.9968949556350708,"hint":null,"highlyConfident":true},{"name":"person","confidence":0.9950424432754517,"hint":null,"highlyConfident":true},{"name":"clothing","confidence":0.9866616725921631,"hint":null,"highlyConfident":true},{"name":"office building","confidence":0.9755975604057312,"hint":null,"highlyConfident":true},{"name":"wall","confidence":0.9728570580482483,"hint":null,"highlyConfident":true},{"name":"man","confidence":0.9502143859863281,"hint":null,"highlyConfident":true},{"name":"desk","confidence":0.9290707111358643,"hint":null,"highlyConfident":false},{"name":"laptop","confidence":0.9246561527252197,"hint":null,"highlyConfident":false},{"name":"personal computer","confidence":0.9234776496887207,"hint":null,"highlyConfident":false},{"name":"computer","confidence":0.8932693004608154,"hint":null,"highlyConfident":false},{"name":"table","confidence":0.8863309621810913,"hint":null,"highlyConfident":false},{"name":"ceiling","confidence":0.8854203224182129,"hint":null,"highlyConfident":false},{"name":"job","confidence":0.8796288967132568,"hint":null,"highlyConfident":false},{"name":"computer keyboard","confidence":0.8611288070678711,"hint":null,"highlyConfident":false},{"name":"people","confidence":0.8496081829071045,"hint":null,"highlyConfident":false},{"name":"group","confidence":0.7652833461761475,"hint":null,"highlyConfident":false}],"FrameIndex":2670},{"Label":[{"name":"indoor","confidence":0.9952108860015869,"hint":null,"highlyConfident":true},{"name":"person","confidence":0.9911544322967529,"hint":null,"highlyConfident":true},{"name":"clothing","confidence":0.9819449186325073,"hint":null,"highlyConfident":true},{"name":"office building","confidence":0.9724625945091248,"hint":null,"highlyConfident":true},{"name":"wall","confidence":0.9644401669502258,"hint":null,"highlyConfident":true},{"name":"man","confidence":0.9471247792243958,"hint":null,"highlyConfident":false},{"name":"laptop","confidence":0.9312006831169128,"hint":null,"highlyConfident":false},{"name":"ceiling","confidence":0.9140428304672241,"hint":null,"highlyConfident":false},{"name":"people","confidence":0.8896625638008118,"hint":null,"highlyConfident":false},{"name":"job","confidence":0.8888634443283081,"hint":null,"highlyConfident":false},{"name":"personal computer","confidence":0.8879690170288086,"hint":null,"highlyConfident":false},{"name":"desk","confidence":0.8816957473754883,"hint":null,"highlyConfident":false},{"name":"computer","confidence":0.8581453561782837,"hint":null,"highlyConfident":false},{"name":"table","confidence":0.8478933572769165,"hint":null,"highlyConfident":false},{"name":"group","confidence":0.8230605125427246,"hint":null,"highlyConfident":false}],"FrameIndex":2700},{"Label":[{"name":"text","confidence":0.9997202754020691,"hint":null,"highlyConfident":true},{"name":"indoor","confidence":0.9912093281745911,"hint":null,"highlyConfident":true},{"name":"personal computer","confidence":0.9775434136390686,"hint":null,"highlyConfident":true},{"name":"output device","confidence":0.9681756496429443,"hint":null,"highlyConfident":true},{"name":"desktop computer","confidence":0.9647475481033325,"hint":null,"highlyConfident":true},{"name":"computer","confidence":0.9595286846160889,"hint":null,"highlyConfident":true},{"name":"computer hardware","confidence":0.9544986486434937,"hint":null,"highlyConfident":true},{"name":"computer keyboard","confidence":0.9536331295967102,"hint":null,"highlyConfident":true},{"name":"electronic device","confidence":0.948512077331543,"hint":null,"highlyConfident":false},{"name":"computer desk","confidence":0.9472461938858032,"hint":null,"highlyConfident":false},{"name":"electronics","confidence":0.9445749521255493,"hint":null,"highlyConfident":false},{"name":"display device","confidence":0.935063362121582,"hint":null,"highlyConfident":false},{"name":"person","confidence":0.9275043606758118,"hint":null,"highlyConfident":false},{"name":"wall","confidence":0.9152456521987915,"hint":null,"highlyConfident":false},{"name":"personal computer hardware","confidence":0.9145662784576416,"hint":null,"highlyConfident":false},{"name":"input device","confidence":0.9113719463348389,"hint":null,"highlyConfident":false},{"name":"display","confidence":0.9104034900665283,"hint":null,"highlyConfident":false},{"name":"flat panel display","confidence":0.9040548205375671,"hint":null,"highlyConfident":false},{"name":"led-backlit lcd display","confidence":0.8952454328536987,"hint":null,"highlyConfident":false},{"name":"media","confidence":0.8949171304702759,"hint":null,"highlyConfident":false},{"name":"peripheral","confidence":0.8889815807342529,"hint":null,"highlyConfident":false},{"name":"office equipment","confidence":0.8882274627685547,"hint":null,"highlyConfident":false},{"name":"computer terminal","confidence":0.8844112157821655,"hint":null,"highlyConfident":false},{"name":"multimedia","confidence":0.8804375529289246,"hint":null,"highlyConfident":false},{"name":"broadcasting","confidence":0.8779402375221252,"hint":null,"highlyConfident":false},{"name":"office building","confidence":0.875458836555481,"hint":null,"highlyConfident":false},{"name":"desk","confidence":0.8730850219726562,"hint":null,"highlyConfident":false},{"name":"computer mouse","confidence":0.8600469827651978,"hint":null,"highlyConfident":false},{"name":"computer network","confidence":0.8580942153930664,"hint":null,"highlyConfident":false},{"name":"monitor","confidence":0.8528268337249756,"hint":null,"highlyConfident":false},{"name":"video","confidence":0.8468449711799622,"hint":null,"highlyConfident":false},{"name":"table","confidence":0.777999997138977,"hint":null,"highlyConfident":false},{"name":"sitting","confidence":0.6926948428153992,"hint":null,"highlyConfident":false},{"name":"computer monitor","confidence":0.6561430096626282,"hint":null,"highlyConfident":false},{"name":"people","confidence":0.6103742718696594,"hint":null,"highlyConfident":false},{"name":"desktop","confidence":0.5720064043998718,"hint":null,"highlyConfident":false},{"name":"office","confidence":0.4457974135875702,"hint":null,"highlyConfident":false}],"FrameIndex":2730},{"Label":[{"name":"railroad tunnel","confidence":0.941846489906311,"hint":null,"highlyConfident":false},{"name":"train","confidence":0.9001798629760742,"hint":null,"highlyConfident":false},{"name":"tunnel","confidence":0.8775702714920044,"hint":null,"highlyConfident":false},{"name":"cave","confidence":0.8707642555236816,"hint":null,"highlyConfident":false},{"name":"way","confidence":0.7606325149536133,"hint":null,"highlyConfident":false},{"name":"track","confidence":0.7247804403305054,"hint":null,"highlyConfident":false},{"name":"ground","confidence":0.6453074216842651,"hint":null,"highlyConfident":false},{"name":"railroad","confidence":0.6266137361526489,"hint":null,"highlyConfident":false},{"name":"outdoor","confidence":0.5980207324028015,"hint":null,"highlyConfident":false}],"FrameIndex":2760},{"Label":[{"name":"cave","confidence":0.8783447742462158,"hint":null,"highlyConfident":false},{"name":"ground","confidence":0.6935456991195679,"hint":null,"highlyConfident":false},{"name":"outdoor","confidence":0.5279558300971985,"hint":null,"highlyConfident":false}],"FrameIndex":2790},{"Label":[{"name":"person","confidence":0.9791238307952881,"hint":null,"highlyConfident":true},{"name":"computer","confidence":0.9697791337966919,"hint":null,"highlyConfident":true},{"name":"office building","confidence":0.9652732610702515,"hint":null,"highlyConfident":true},{"name":"indoor","confidence":0.9599827527999878,"hint":null,"highlyConfident":true},{"name":"laptop","confidence":0.9574031233787537,"hint":null,"highlyConfident":true},{"name":"clothing","confidence":0.9509778618812561,"hint":null,"highlyConfident":true},{"name":"furniture","confidence":0.9236693382263184,"hint":null,"highlyConfident":false},{"name":"window","confidence":0.8908513784408569,"hint":null,"highlyConfident":false},{"name":"wall","confidence":0.8701751232147217,"hint":null,"highlyConfident":false},{"name":"table","confidence":0.8580770492553711,"hint":null,"highlyConfident":false},{"name":"man","confidence":0.8576551675796509,"hint":null,"highlyConfident":false},{"name":"chair","confidence":0.8569666147232056,"hint":null,"highlyConfident":false},{"name":"people","confidence":0.8095510005950928,"hint":null,"highlyConfident":false},{"name":"sitting","confidence":0.7826849222183228,"hint":null,"highlyConfident":false}],"FrameIndex":2820},{"Label":[{"name":"indoor","confidence":0.9743162393569946,"hint":null,"highlyConfident":true},{"name":"medical equipment","confidence":0.9660793542861938,"hint":null,"highlyConfident":true},{"name":"healthcare","confidence":0.9483274221420288,"hint":null,"highlyConfident":false},{"name":"wall","confidence":0.9322216510772705,"hint":null,"highlyConfident":false},{"name":"medical","confidence":0.925895094871521,"hint":null,"highlyConfident":false},{"name":"person","confidence":0.8976505994796753,"hint":null,"highlyConfident":false},{"name":"service","confidence":0.8910375237464905,"hint":null,"highlyConfident":false},{"name":"hospital","confidence":0.8895914554595947,"hint":null,"highlyConfident":false},{"name":"laboratory","confidence":0.879902720451355,"hint":null,"highlyConfident":false},{"name":"research institute","confidence":0.8718518018722534,"hint":null,"highlyConfident":false},{"name":"clinic","confidence":0.8706470727920532,"hint":null,"highlyConfident":false},{"name":"clothing","confidence":0.8623038530349731,"hint":null,"highlyConfident":false},{"name":"health care provider","confidence":0.8611445426940918,"hint":null,"highlyConfident":false},{"name":"laboratory equipment","confidence":0.8541263341903687,"hint":null,"highlyConfident":false},{"name":"job","confidence":0.8501861095428467,"hint":null,"highlyConfident":false},{"name":"chemistry","confidence":0.8415399789810181,"hint":null,"highlyConfident":false},{"name":"lab","confidence":0.6108595728874207,"hint":null,"highlyConfident":false}],"FrameIndex":2850},{"Label":[{"name":"medical equipment","confidence":0.9653753042221069,"hint":null,"highlyConfident":true},{"name":"indoor","confidence":0.9626084566116333,"hint":null,"highlyConfident":true},{"name":"healthcare","confidence":0.948792576789856,"hint":null,"highlyConfident":false},{"name":"person","confidence":0.9204129576683044,"hint":null,"highlyConfident":false},{"name":"medical","confidence":0.9182873964309692,"hint":null,"highlyConfident":false},{"name":"clothing","confidence":0.9171892404556274,"hint":null,"highlyConfident":false},{"name":"wall","confidence":0.910274863243103,"hint":null,"highlyConfident":false},{"name":"hospital","confidence":0.9038498401641846,"hint":null,"highlyConfident":false},{"name":"service","confidence":0.9032224416732788,"hint":null,"highlyConfident":false},{"name":"clinic","confidence":0.8731619119644165,"hint":null,"highlyConfident":false},{"name":"health care provider","confidence":0.8710172772407532,"hint":null,"highlyConfident":false},{"name":"laboratory","confidence":0.8429848551750183,"hint":null,"highlyConfident":false},{"name":"room","confidence":0.5635314583778381,"hint":null,"highlyConfident":false},{"name":"lab","confidence":0.4975244104862213,"hint":null,"highlyConfident":false}],"FrameIndex":2880},{"Label":[{"name":"medical equipment","confidence":0.9871989488601685,"hint":null,"highlyConfident":true},{"name":"medical","confidence":0.9818007349967957,"hint":null,"highlyConfident":true},{"name":"healthcare","confidence":0.9798853397369385,"hint":null,"highlyConfident":true},{"name":"laboratory equipment","confidence":0.9693418741226196,"hint":null,"highlyConfident":true},{"name":"indoor","confidence":0.959409773349762,"hint":null,"highlyConfident":true},{"name":"medical glove","confidence":0.9579063653945923,"hint":null,"highlyConfident":true},{"name":"laboratory","confidence":0.946925163269043,"hint":null,"highlyConfident":false},{"name":"chemistry","confidence":0.9466125965118408,"hint":null,"highlyConfident":false},{"name":"medical technologist","confidence":0.9412580728530884,"hint":null,"highlyConfident":false},{"name":"health care provider","confidence":0.9391791820526123,"hint":null,"highlyConfident":false},{"name":"hospital","confidence":0.9336892366409302,"hint":null,"highlyConfident":false},{"name":"medical assistant","confidence":0.9312741756439209,"hint":null,"highlyConfident":false},{"name":"research institute","confidence":0.9301689863204956,"hint":null,"highlyConfident":false},{"name":"scientist","confidence":0.9297861456871033,"hint":null,"highlyConfident":false},{"name":"clinic","confidence":0.9277104735374451,"hint":null,"highlyConfident":false},{"name":"physician","confidence":0.9262896776199341,"hint":null,"highlyConfident":false},{"name":"researcher","confidence":0.9221436977386475,"hint":null,"highlyConfident":false},{"name":"scientific instrument","confidence":0.9187464714050293,"hint":null,"highlyConfident":false},{"name":"white coat","confidence":0.9086337685585022,"hint":null,"highlyConfident":false},{"name":"chemist","confidence":0.9044227600097656,"hint":null,"highlyConfident":false},{"name":"chemical engineer","confidence":0.9002060890197754,"hint":null,"highlyConfident":false},{"name":"scrubs","confidence":0.8897691965103149,"hint":null,"highlyConfident":false},{"name":"medical procedure","confidence":0.8896090984344482,"hint":null,"highlyConfident":false},{"name":"nursing","confidence":0.8668676614761353,"hint":null,"highlyConfident":false},{"name":"wall","confidence":0.7977242469787598,"hint":null,"highlyConfident":false},{"name":"person","confidence":0.667170524597168,"hint":null,"highlyConfident":false},{"name":"lab","confidence":0.5321673154830933,"hint":null,"highlyConfident":false},{"name":"room","confidence":0.5255429148674011,"hint":null,"highlyConfident":false},{"name":"nursery","confidence":0.5128478407859802,"hint":null,"highlyConfident":false}],"FrameIndex":2910},{"Label":[{"name":"human face","confidence":0.9957301616668701,"hint":null,"highlyConfident":true},{"name":"person","confidence":0.9806761741638184,"hint":null,"highlyConfident":true},{"name":"clothing","confidence":0.9651867151260376,"hint":null,"highlyConfident":true},{"name":"wall","confidence":0.9030033946037292,"hint":null,"highlyConfident":false},{"name":"shoulder","confidence":0.8889290690422058,"hint":null,"highlyConfident":false},{"name":"indoor","confidence":0.8423593044281006,"hint":null,"highlyConfident":false},{"name":"woman","confidence":0.8174799680709839,"hint":null,"highlyConfident":false}],"FrameIndex":2940},{"Label":[{"name":"human face","confidence":0.9969010949134827,"hint":null,"highlyConfident":true},{"name":"person","confidence":0.9812427759170532,"hint":null,"highlyConfident":true},{"name":"clothing","confidence":0.9558230638504028,"hint":null,"highlyConfident":true},{"name":"portrait","confidence":0.9477113485336304,"hint":null,"highlyConfident":false},{"name":"neck","confidence":0.9324526786804199,"hint":null,"highlyConfident":false},{"name":"lip","confidence":0.932227611541748,"hint":null,"highlyConfident":false},{"name":"smile","confidence":0.9155365228652954,"hint":null,"highlyConfident":false},{"name":"portrait photography","confidence":0.9037172794342041,"hint":null,"highlyConfident":false},{"name":"chin","confidence":0.902035117149353,"hint":null,"highlyConfident":false},{"name":"eyebrow","confidence":0.8830146789550781,"hint":null,"highlyConfident":false},{"name":"wall","confidence":0.8809528350830078,"hint":null,"highlyConfident":false},{"name":"shoulder","confidence":0.8626490831375122,"hint":null,"highlyConfident":false},{"name":"skin","confidence":0.8626484870910645,"hint":null,"highlyConfident":false},{"name":"lady","confidence":0.8555631637573242,"hint":null,"highlyConfident":false},{"name":"woman","confidence":0.8499447107315063,"hint":null,"highlyConfident":false},{"name":"jaw","confidence":0.8400833010673523,"hint":null,"highlyConfident":false},{"name":"indoor","confidence":0.7136391401290894,"hint":null,"highlyConfident":false},{"name":"headshot","confidence":0.5490690469741821,"hint":null,"highlyConfident":false},{"name":"girl","confidence":0.44967252016067505,"hint":null,"highlyConfident":false}],"FrameIndex":2970},{"Label":[{"name":"human face","confidence":0.9943994283676147,"hint":null,"highlyConfident":true},{"name":"portrait","confidence":0.9483002424240112,"hint":null,"highlyConfident":false},{"name":"person","confidence":0.9308695793151855,"hint":null,"highlyConfident":false},{"name":"lip","confidence":0.9299502372741699,"hint":null,"highlyConfident":false},{"name":"lady","confidence":0.9082444906234741,"hint":null,"highlyConfident":false},{"name":"portrait photography","confidence":0.8979508876800537,"hint":null,"highlyConfident":false},{"name":"eyebrow","confidence":0.8904344439506531,"hint":null,"highlyConfident":false},{"name":"neck","confidence":0.8827519416809082,"hint":null,"highlyConfident":false},{"name":"lipstick","confidence":0.8713805675506592,"hint":null,"highlyConfident":false},{"name":"skin","confidence":0.8662865161895752,"hint":null,"highlyConfident":false},{"name":"woman","confidence":0.8614495992660522,"hint":null,"highlyConfident":false},{"name":"photo shoot","confidence":0.8577927350997925,"hint":null,"highlyConfident":false},{"name":"female person","confidence":0.8461122512817383,"hint":null,"highlyConfident":false},{"name":"girl","confidence":0.4288824498653412,"hint":null,"highlyConfident":false}],"FrameIndex":3000},{"Label":[{"name":"text","confidence":0.9489747285842896,"hint":null,"highlyConfident":false},{"name":"screenshot","confidence":0.9333985447883606,"hint":null,"highlyConfident":false},{"name":"display device","confidence":0.9171568155288696,"hint":null,"highlyConfident":false},{"name":"video","confidence":0.9069523215293884,"hint":null,"highlyConfident":false},{"name":"computer","confidence":0.8873785734176636,"hint":null,"highlyConfident":false},{"name":"technology","confidence":0.8826198577880859,"hint":null,"highlyConfident":false},{"name":"multimedia","confidence":0.861116886138916,"hint":null,"highlyConfident":false}],"FrameIndex":3030},{"Label":[{"name":"water","confidence":0.9945696592330933,"hint":null,"highlyConfident":true},{"name":"transport","confidence":0.9842756986618042,"hint":null,"highlyConfident":true},{"name":"outdoor","confidence":0.9837071895599365,"hint":null,"highlyConfident":true},{"name":"sky","confidence":0.9749143123626709,"hint":null,"highlyConfident":true},{"name":"naval architecture","confidence":0.9392564296722412,"hint":null,"highlyConfident":false},{"name":"vehicle","confidence":0.9104766845703125,"hint":null,"highlyConfident":false},{"name":"watercraft","confidence":0.9082311391830444,"hint":null,"highlyConfident":false},{"name":"lake","confidence":0.8742967247962952,"hint":null,"highlyConfident":false},{"name":"sea","confidence":0.8094679713249207,"hint":null,"highlyConfident":false},{"name":"blue","confidence":0.726607084274292,"hint":null,"highlyConfident":false},{"name":"boat","confidence":0.6387938261032104,"hint":null,"highlyConfident":false},{"name":"ship","confidence":0.6218598484992981,"hint":null,"highlyConfident":false}],"FrameIndex":3060},{"Label":[{"name":"transport","confidence":0.9961593151092529,"hint":null,"highlyConfident":true},{"name":"water","confidence":0.9856123924255371,"hint":null,"highlyConfident":true},{"name":"outdoor","confidence":0.962977409362793,"hint":null,"highlyConfident":true},{"name":"sky","confidence":0.9614061117172241,"hint":null,"highlyConfident":true},{"name":"watercraft","confidence":0.9607928395271301,"hint":null,"highlyConfident":true},{"name":"naval architecture","confidence":0.9502348303794861,"hint":null,"highlyConfident":true},{"name":"vehicle","confidence":0.9372190237045288,"hint":null,"highlyConfident":false},{"name":"boat","confidence":0.8459558486938477,"hint":null,"highlyConfident":false},{"name":"ship","confidence":0.8442677855491638,"hint":null,"highlyConfident":false},{"name":"sea","confidence":0.4369628131389618,"hint":null,"highlyConfident":false}],"FrameIndex":3090},{"Label":[{"name":"sky","confidence":0.9739031791687012,"hint":null,"highlyConfident":true},{"name":"outdoor","confidence":0.9546571373939514,"hint":null,"highlyConfident":true},{"name":"mountain","confidence":0.8804538249969482,"hint":null,"highlyConfident":false},{"name":"horizon","confidence":0.8760361075401306,"hint":null,"highlyConfident":false},{"name":"lake","confidence":0.8721369504928589,"hint":null,"highlyConfident":false},{"name":"water","confidence":0.8309088349342346,"hint":null,"highlyConfident":false},{"name":"track","confidence":0.7796533703804016,"hint":null,"highlyConfident":false},{"name":"travel","confidence":0.7091286182403564,"hint":null,"highlyConfident":false},{"name":"ground","confidence":0.6171455383300781,"hint":null,"highlyConfident":false},{"name":"sunrise","confidence":0.5586118698120117,"hint":null,"highlyConfident":false}],"FrameIndex":3120},{"Label":[{"name":"sky","confidence":0.9577671885490417,"hint":null,"highlyConfident":true},{"name":"outdoor","confidence":0.9219316840171814,"hint":null,"highlyConfident":false},{"name":"mountain","confidence":0.8732669353485107,"hint":null,"highlyConfident":false},{"name":"horizon","confidence":0.8554695844650269,"hint":null,"highlyConfident":false},{"name":"track","confidence":0.7949719429016113,"hint":null,"highlyConfident":false},{"name":"ground","confidence":0.655437171459198,"hint":null,"highlyConfident":false},{"name":"sunrise","confidence":0.6474692821502686,"hint":null,"highlyConfident":false},{"name":"plane","confidence":0.6285260319709778,"hint":null,"highlyConfident":false},{"name":"solar cell","confidence":0.5585355758666992,"hint":null,"highlyConfident":false},{"name":"travel","confidence":0.5039516091346741,"hint":null,"highlyConfident":false}],"FrameIndex":3150},{"Label":[{"name":"text","confidence":0.9753472805023193,"hint":null,"highlyConfident":true},{"name":"screenshot","confidence":0.9637752771377563,"hint":null,"highlyConfident":true},{"name":"rectangle","confidence":0.8577480316162109,"hint":null,"highlyConfident":false}],"FrameIndex":3180},{"Label":[{"name":"screenshot","confidence":0.896152138710022,"hint":null,"highlyConfident":false},{"name":"ground","confidence":0.8742916584014893,"hint":null,"highlyConfident":false},{"name":"outdoor","confidence":0.7729110717773438,"hint":null,"highlyConfident":false},{"name":"aerial","confidence":0.48034238815307617,"hint":null,"highlyConfident":false}],"FrameIndex":3210},{"Label":[{"name":"map","confidence":0.9732586741447449,"hint":null,"highlyConfident":true},{"name":"art","confidence":0.4188750684261322,"hint":null,"highlyConfident":false}],"FrameIndex":3240},{"Label":[{"name":"human face","confidence":0.9997540712356567,"hint":null,"highlyConfident":true},{"name":"person","confidence":0.9981052875518799,"hint":null,"highlyConfident":true},{"name":"smile","confidence":0.9818673729896545,"hint":null,"highlyConfident":true},{"name":"eyebrow","confidence":0.9802289009094238,"hint":null,"highlyConfident":true},{"name":"clothing","confidence":0.9802097678184509,"hint":null,"highlyConfident":true},{"name":"indoor","confidence":0.9593088626861572,"hint":null,"highlyConfident":true},{"name":"portrait","confidence":0.9409930109977722,"hint":null,"highlyConfident":false},{"name":"chin","confidence":0.9360922574996948,"hint":null,"highlyConfident":false},{"name":"lip","confidence":0.9307529926300049,"hint":null,"highlyConfident":false},{"name":"forehead","confidence":0.9239402413368225,"hint":null,"highlyConfident":false},{"name":"wall","confidence":0.899093508720398,"hint":null,"highlyConfident":false},{"name":"neck","confidence":0.8910971283912659,"hint":null,"highlyConfident":false},{"name":"skin","confidence":0.8887794613838196,"hint":null,"highlyConfident":false},{"name":"portrait photography","confidence":0.8884856700897217,"hint":null,"highlyConfident":false},{"name":"eyelash","confidence":0.8860716819763184,"hint":null,"highlyConfident":false},{"name":"black hair","confidence":0.8719348907470703,"hint":null,"highlyConfident":false},{"name":"throat","confidence":0.8631430268287659,"hint":null,"highlyConfident":false},{"name":"jaw","confidence":0.8617606163024902,"hint":null,"highlyConfident":false},{"name":"lady","confidence":0.8590514659881592,"hint":null,"highlyConfident":false},{"name":"cheek","confidence":0.8573675155639648,"hint":null,"highlyConfident":false},{"name":"woman","confidence":0.8304908275604248,"hint":null,"highlyConfident":false},{"name":"smiling","confidence":0.7468467950820923,"hint":null,"highlyConfident":false},{"name":"girl","confidence":0.5491025447845459,"hint":null,"highlyConfident":false},{"name":"wearing","confidence":0.5315912961959839,"hint":null,"highlyConfident":false}],"FrameIndex":3270},{"Label":[{"name":"human face","confidence":0.9996658563613892,"hint":null,"highlyConfident":true},{"name":"person","confidence":0.998457670211792,"hint":null,"highlyConfident":true},{"name":"eyebrow","confidence":0.9829083681106567,"hint":null,"highlyConfident":true},{"name":"clothing","confidence":0.9772610664367676,"hint":null,"highlyConfident":true},{"name":"smile","confidence":0.9720412492752075,"hint":null,"highlyConfident":true},{"name":"indoor","confidence":0.9713004231452942,"hint":null,"highlyConfident":true},{"name":"portrait","confidence":0.9428889155387878,"hint":null,"highlyConfident":false},{"name":"chin","confidence":0.9395493268966675,"hint":null,"highlyConfident":false},{"name":"lip","confidence":0.9337704181671143,"hint":null,"highlyConfident":false},{"name":"forehead","confidence":0.9300302267074585,"hint":null,"highlyConfident":false},{"name":"wall","confidence":0.9183729887008667,"hint":null,"highlyConfident":false},{"name":"skin","confidence":0.9097877740859985,"hint":null,"highlyConfident":false},{"name":"eyelash","confidence":0.89620041847229,"hint":null,"highlyConfident":false},{"name":"portrait photography","confidence":0.8954218029975891,"hint":null,"highlyConfident":false},{"name":"neck","confidence":0.8862138986587524,"hint":null,"highlyConfident":false},{"name":"jaw","confidence":0.8793147206306458,"hint":null,"highlyConfident":false},{"name":"black hair","confidence":0.8741414546966553,"hint":null,"highlyConfident":false},{"name":"throat","confidence":0.8709737062454224,"hint":null,"highlyConfident":false},{"name":"cheek","confidence":0.8699183464050293,"hint":null,"highlyConfident":false},{"name":"iris","confidence":0.8534470796585083,"hint":null,"highlyConfident":false},{"name":"lady","confidence":0.8472106456756592,"hint":null,"highlyConfident":false},{"name":"woman","confidence":0.8012802600860596,"hint":null,"highlyConfident":false},{"name":"girl","confidence":0.5721403956413269,"hint":null,"highlyConfident":false}],"FrameIndex":3300},{"Label":[{"name":"screenshot","confidence":0.9519245624542236,"hint":null,"highlyConfident":true},{"name":"text","confidence":0.8932214379310608,"hint":null,"highlyConfident":false},{"name":"design","confidence":0.7852790355682373,"hint":null,"highlyConfident":false}],"FrameIndex":3330},{"Label":[{"name":"screenshot","confidence":0.950760006904602,"hint":null,"highlyConfident":true},{"name":"text","confidence":0.8748079538345337,"hint":null,"highlyConfident":false},{"name":"graphics","confidence":0.8654556274414062,"hint":null,"highlyConfident":false},{"name":"graphic design","confidence":0.8441429734230042,"hint":null,"highlyConfident":false},{"name":"design","confidence":0.8296761512756348,"hint":null,"highlyConfident":false}],"FrameIndex":3360},{"Label":[{"name":"screenshot","confidence":0.950760006904602,"hint":null,"highlyConfident":true},{"name":"text","confidence":0.8748079538345337,"hint":null,"highlyConfident":false},{"name":"graphics","confidence":0.8654556274414062,"hint":null,"highlyConfident":false},{"name":"graphic design","confidence":0.8441429734230042,"hint":null,"highlyConfident":false},{"name":"design","confidence":0.8296761512756348,"hint":null,"highlyConfident":false}],"FrameIndex":3390}]}