Question	Answer	Source	Metadata	SuggestedQuestions	IsContextOnly	Prompts	QnaId	SourceDisplayName
Is this page helpful?	Yes    No  Any additional feedback? \n\nFeedback will be sent to Microsoft: By pressing the submit button, your feedback will be used to improve Microsoft products and services. [Privacy policy.](https://privacy.microsoft.com/en-us/privacystatement)\n Submit \n\nThank you.	https://docs.microsoft.com/en-us/learn/support/faq		[]	False	[]	1	Learn FAQ Page
What is Microsoft Learn?	Microsoft Learn is a free, online training platform that provides interactive learning for Microsoft products and more. Our goal is to help you become proficient on our technologies and learn more skills with fun, guided, hands-on, interactive content that's specific to your role and goals. Learn more in this [video](https://channel9.msdn.com/Blogs/One-Dev-Minute/What-is-Microsoft-Learn).	https://docs.microsoft.com/en-us/learn/support/faq		[]	False	[]	2	Learn FAQ Page
How much does it cost?	Microsoft Learn is a completely free, open training platform available to anyone who has an interest to learn about Microsoft products.	https://docs.microsoft.com/en-us/learn/support/faq		[]	False	[]	3	Learn FAQ Page
What content is available on Microsoft Learn?	We provide role-based training and learning paths for Azure developers, solution architects, and administrators. We also provide role-based training and learning paths for Microsoft Power BI, PowerApps, Dynamics365, Microsoft365, Office and Visual Studio.\n\nWe're working to expand the platform to many other Microsoft products and services.	https://docs.microsoft.com/en-us/learn/support/faq		[]	False	[]	4	Learn FAQ Page
Do I need to create a profile to use Microsoft Learn?	No, profile creation is not required. Without a profile you can still access and consume all learning content.	https://docs.microsoft.com/en-us/learn/support/faq		[]	False	[]	5	Learn FAQ Page
Which features become available to me when I sign-in?	*   Track progress on learning activities\n*   Create and share collections of modules\n*   Save bookmarks\n*   Accrue points and achievements\n*   Use free Azure resources\n*   View personalized recommendations	https://docs.microsoft.com/en-us/learn/support/faq		[]	False	[]	6	Learn FAQ Page
What is a learning path?	Learning paths are collections of modules that are organized around specific roles (like developer, architect, or system admin) or technologies (like Azure Web Apps, Power BI, or Xamarin.Forms).\n\nWhen you finish a learning path, you've gained a new understanding of different aspects of the technology or role you're studying. You also get a trophy!	https://docs.microsoft.com/en-us/learn/support/faq		[]	False	[]	7	Learn FAQ Page
What is a module?	Modules are the building blocks of the Microsoft Learn experience. Think of a module as a course that contains a collection of related units, such as videos, labs, and articles.\n\nWhen you finish a module, you've gained a new skill that relates to your role and target technology. You also get a badge!	https://docs.microsoft.com/en-us/learn/support/faq		[]	False	[]	8	Learn FAQ Page
What is a unit?	A unit is a small chunk of information that's included in a module. It might be learning content, an interactive activity, a quiz, or something else.\n\nEven if you have only a few minutes, you can learn something new and gain XP by finishing a unit.	https://docs.microsoft.com/en-us/learn/support/faq		[]	False	[]	9	Learn FAQ Page
What is a collection?	Collections allow you to easily curate and organize sets of content and share them with anyone.\n\nWhile collections do not appear in search results or in your public profile, anyone who has a collection's URL can access it.	https://docs.microsoft.com/en-us/learn/support/faq		[]	False	[]	10	Learn FAQ Page
What happened to bookmarks?	Bookmarks have been moved to a new "Favorites" collection. You can find your Favorites collection on the Collections tab in your profile.\n\nYou can add new favorites by clicking the "Save" button on a content page, and selecting the "Favorites" collection from the list.	https://docs.microsoft.com/en-us/learn/support/faq		[]	False	[]	11	Learn FAQ Page
What languages does Microsoft Learn support?	Our product learning paths support these languages:\n\n*   **Azure** (17 languages): Japanese, Korean, Traditional Chinese, Simplified Chinese, Russian, German, Spanish, French, Italian, Brazilian Portuguese, Hungarian, Swedish, Czech, Dutch, Iberian Portuguese, Polish, Turkish\n*   **Dynamics** (4 languages): Japanese, German, Spanish, French\n*   **PowerBI** (23 languages): Japanese, Korean, Traditional Chinese, Simplified Chinese, Russian, German, Spanish, French, Italian, Brazilian Portuguese, Hungarian, Swedish, Czech, Dutch, Iberian Portuguese, Polish, Turkish, Danish, Greek, Slovak, Finnish, Thai, Norwegian\n*   **PowerApps, PowerAutomate** (4 languages): Japanese, German, Spanish, French\n*   **SQL Server** (10 languages): Japanese, Korean, Traditional Chinese, Simplified Chinese, Russian, German, Spanish, French, Italian, Brazilian Portuguese\n*   **Windows Developer** (10 languages) Japanese, Korean, Traditional Chinese, Simplified Chinese, Russian, German, Spanish, French, Italian, Brazilian Portuguese\n*   **.Net** (13 languages): Japanese, Korean, Traditional Chinese, Simplified Chinese, Russian, German, Spanish, French, Italian, Brazilian Portuguese, Czech, Polish, Turkish\n*   **Xamarin** (13 languages): Japanese, Korean, Traditional Chinese, Simplified Chinese, Russian, German, Spanish, French, Italian, Brazilian Portuguese, Czech, Polish, Turkish\n*   **M365** (10 languages): Japanese, Korean, Traditional Chinese, Simplified Chinese, Russian, German, Spanish, French, Italian, Brazilian Portuguese	https://docs.microsoft.com/en-us/learn/support/faq		[]	False	[]	12	Learn FAQ Page
How can I access Microsoft Learn's accessibility conformance reports?	To find the accessibility conformance reports for Microsoft Learn:\n\n1.  Go to: [https://cloudblogs.microsoft.com/industry-blog/government/2018/09/11/accessibility-conformance-reports/](https://cloudblogs.microsoft.com/industry-blog/government/2018/09/11/accessibility-conformance-reports/)\n2.  Search for: DevRel – Doc sites and Open Publishing\n3.  Download desired report, in desired language	https://docs.microsoft.com/en-us/learn/support/faq		[]	False	[]	13	Learn FAQ Page
Can I get a current list of the published modules and learning paths?	Yes. The [Microsoft Learn Catalog API](https://docs.microsoft.com/en-us/learn/support/catalog-api) provides a public web API to retrieve a list of the modules and learning paths along with the URLs used to access the training.	https://docs.microsoft.com/en-us/learn/support/faq		[]	False	[]	14	Learn FAQ Page
Where is my profile?	Sign in and access your profile page on the [Learn website](https://techprofile.microsoft.com/).	https://docs.microsoft.com/en-us/learn/support/faq		[]	False	[]	15	Learn FAQ Page
What is XP?	XP or experience points measure your achievement in completing Microsoft Learn content. You can view the amount of awarded XP next to the title of each learning path, module, and unit.	https://docs.microsoft.com/en-us/learn/support/faq		[]	False	[]	16	Learn FAQ Page
What are badges?	Badges are achievements that you earn when you finish a module. These awards appear on your profile, and you can share them through social media and other channels.	https://docs.microsoft.com/en-us/learn/support/faq		[]	False	[]	17	Learn FAQ Page
What are trophies?	Trophies are granted when you finish a learning path. They also appear on your Docs user profile, and you can share them through social media and other channels.	https://docs.microsoft.com/en-us/learn/support/faq		[]	False	[]	18	Learn FAQ Page
How do I edit my profile?	You can edit your profile on the [Edit Your Profile](https://techprofile.microsoft.com/edit) page.	https://docs.microsoft.com/en-us/learn/support/faq		[]	False	[]	19	Learn FAQ Page
What information in my profile is publicly viewable?	When you create a profile, it is publicly accessible at the URL `https://docs.microsoft.com/users/<your-user-name>`. Your display name, achievements (including level, badges, and trophies), and activities are displayed. Any Collections you have created are also publicly viewable via its URL.	https://docs.microsoft.com/en-us/learn/support/faq		[]	False	[]	20	Learn FAQ Page
Can I download a copy of all my user data?	Yes. To access a downloadable file of all your data, follow the instructions on the [Edit Your Profile](https://techprofile.microsoft.com/edit) page.	https://docs.microsoft.com/en-us/learn/support/faq		[]	False	[]	21	Learn FAQ Page
How do I delete my user data?	You can delete all of your Microsoft Docs user data on the [Edit Your Profile](https://techprofile.microsoft.com/edit) page.	https://docs.microsoft.com/en-us/learn/support/faq		[]	False	[]	22	Learn FAQ Page
How do I change my password?	To change your Microsoft account password, see [this guide](https://support.microsoft.com/help/4026838/microsoft-account-to-change-your-microsoft-account-password).	https://docs.microsoft.com/en-us/learn/support/faq		[]	False	[]	23	Learn FAQ Page
Can I merge two profiles of mine into one?	Yes! Assume you have profile A and profile B, you are able to merge your completions and achievements of profile B into profile A by clicking "add account" on the [Edit Your Profile](https://techprofile.microsoft.com/edit) page when signed into Profile A. After merging, only profile A will exist as both profiles learning history will be combined. The merging logic is as following:\n\n*   Your learning history and achievements will be merged, with duplicates removed, from profile B into profile A.\n*   Your Q&A contributions and activities will be merged, with duplicates removed, from profile B into profile A. Note that the data for who/what you are following on our Q&A platform won't be merged. Please make a note of who/what you are following on profile B, and manually re-follow after the merge is complete.\n*   Your linked accounts will be merged from profile B into profile A. Note: if the limit of "up to five school or work accounts and one personal account" is exceeded during the merge process, your merge request will be cancelled. If this happens, you'll need to resolve this issue before trying again.\n*   Your saved items and joined challenges will be merged, with duplicates removed, from profile B into profile A.\n*   Private profile mode will be enabled if any of the two profiles has this setting turned on.\n*   All other settings will remain unchanged in profile A and editable on [Edit Your Profile](https://techprofile.microsoft.com/edit) page anytime.\n\nTip\n\nFor all Microsoft account support, see [this page](https://support.microsoft.com/hub/4294457/microsoft-account-help).	https://docs.microsoft.com/en-us/learn/support/faq		[]	False	[]	24	Learn FAQ Page
What is the Microsoft Learn sandbox?	The Microsoft Learn sandbox (sometimes called the Azure sandbox) is a free environment that you can use to explore Azure through Microsoft Learn content.	https://docs.microsoft.com/en-us/learn/support/faq		[]	False	[]	25	Learn FAQ Page
Why do I need a sandbox?	Most of the Microsoft Learn content involves exercise units where students create real things in Azure, such as virtual machines or Azure functions, to practice what they're learning. You use the sandbox to complete these lessons without a paid Azure subscription.\n\nMost of the lessons don't require you to install any local development tools. You can build apps that utilize Azure services right in the Microsoft Learn sandbox.	https://docs.microsoft.com/en-us/learn/support/faq		[]	False	[]	26	Learn FAQ Page
Do I need an Azure account to use a sandbox?	No. All you need is a [Microsoft account](https://account.microsoft.com/account) to sign in with. If you don't have one, you can create one for free.	https://docs.microsoft.com/en-us/learn/support/faq		[]	False	[]	27	Learn FAQ Page
Can I use the sandbox if I already have an Azure subscription?	Absolutely. The sandbox works independently from your regular subscriptions. While you're practicing and learning with Microsoft Learn, you can use the sandbox. When you're ready to create real resources, you can use your Azure subscription.	https://docs.microsoft.com/en-us/learn/support/faq		[]	False	[]	28	Learn FAQ Page
How do I activate the sandbox?	The sandbox is available in every module that contains a hands-on Azure exercise. Each unit includes a prompt at the top of the page to indicate the sandbox status. It initially looks like this:\n\nSelecting the **Activate Sandbox** button starts the activation process. If this is the first time you've activated a sandbox in Microsoft Learn, a second prompt asks you to accept the license terms. To accept the terms, you need to sign in with your Microsoft account, such as an Office 365 or Outlook.com account. If you don't have one, you can [create one for free](https://signup.live.com/).\n\nThe system then creates a new sandbox for you. It takes a few minutes.\n\nAfter the sandbox is activated, you'll see a prompt that says you have access to a sandbox.	https://docs.microsoft.com/en-us/learn/support/faq		[]	False	[]	29	Learn FAQ Page
How long does activation take?	The system should create the sandbox in a few minutes. If it takes more than five minutes, or if you get an error, you can refresh the browser page to reconnect.	https://docs.microsoft.com/en-us/learn/support/faq		[]	False	[]	30	Learn FAQ Page
What happens when I activate a sandbox?	The first time you activate a sandbox and accept the terms, your Microsoft account is associated with a new Azure directory named Microsoft Learn Sandbox, and you're added to a special subscription named Concierge Subscription.\n\nEach time you activate a sandbox, a single resource group is created for you. You can use it to create and manage all the resources (for example, virtual machines, storage accounts, and app services) that you need for a module.	https://docs.microsoft.com/en-us/learn/support/faq		[]	False	[]	31	Learn FAQ Page
Can I activate the sandbox on mobile?	No. Sandbox is not available on mobile, you cannot activate or use the sandbox on mobile. Please use desktop for the best sandbox user experience.	https://docs.microsoft.com/en-us/learn/support/faq		[]	False	[]	32	Learn FAQ Page
Do I need to use the sandbox?	You can use your own subscription to go through the modules, but you'll have to pay for the resources that you create and remember to clean them up when you're finished to avoid being charged. In addition, Microsoft Learn won't be able to verify that you have completed the exercises, and you won't receive credit. We highly recommend that you use the sandbox environment.	https://docs.microsoft.com/en-us/learn/support/faq		[]	False	[]	33	Learn FAQ Page
How do I sign in to the sandbox when I use the Azure portal?	Any unit that uses the Azure portal will always have a link in the instructions to make sure you're in the sandbox. You should always use this link to open the portal, because it will put you in the right directory and subscription. When you're prompted for a username and password, be sure to use the same account that you used to activate the sandbox.	https://docs.microsoft.com/en-us/learn/support/faq		[]	False	[]	34	Learn FAQ Page
How can I tell if I'm in the sandbox when I use the Azure portal?	You can tell whether you're in the sandbox by looking at the directory listed under your name in the upper-right corner. It should say **Microsoft Learn Sandbox**.	https://docs.microsoft.com/en-us/learn/support/faq		[]	False	[]	35	Learn FAQ Page
What if I'm not in the right subscription?	If you sign in to the portal and are in your own subscription (or you sign in to your subscription and end up in the sandbox), one of two things might be wrong. Either you have not activated the sandbox or your Azure settings put you in a default directory. You can change the directory by selecting the **Directory and Subscription filter** button on the toolbar along the top.\n\nThe button opens a drop-down list where you can select the correct directory. You can also change the **Set your default directory** setting to the directory that you work in most often.\n\nWhen you activate the new sandbox, the old sandbox environment is destroyed, along with any resources created in it.	https://docs.microsoft.com/en-us/learn/support/faq		[]	False	[]	36	Learn FAQ Page
Can I activate multiple sandbox environments?	No. Each module gives you a new sandbox so you're always starting in a clean environment. The system detects when you move from one module to the next, and it prompts you to activate a new sandbox. The prompt looks like this:	https://docs.microsoft.com/en-us/learn/support/faq		[]	False	[]	37	Learn FAQ Page
I'm seeing resource groups named [Sandbox resource group] in the instructions. What does that mean?	This means you haven't activated the sandbox for the current module. When you activate the sandbox environment, those placeholder items are replaced with the name of the resource group created for you.	https://docs.microsoft.com/en-us/learn/support/faq		[]	False	[]	38	Learn FAQ Page
How long does the sandbox stay around?	The sandbox environment created for a module is available for four consecutive hours to ensure that you can finish the module. The Microsoft Learn exercises are meant to be finished in one sitting, in an hour or less.	https://docs.microsoft.com/en-us/learn/support/faq		[]	False	[]	39	Learn FAQ Page
What happens when the sandbox times out?	If the sandbox times out while you're in the middle of the lesson, you will lose all work up to that point. You will have to reactivate the environment and go back to the beginning of the module to start over.	https://docs.microsoft.com/en-us/learn/support/faq		[]	False	[]	40	Learn FAQ Page
Can I use the sandbox from Visual Studio, VS Code, or my favorite Azure tool?	Yes, many of the modules available in Microsoft Learn work with developer tools such as Visual Studio. These tools will work fine if you sign in with the same account that you used to activate the sandbox. Keep in mind that the sandbox is meant to be used with the training content provided in the Microsoft Learn portal. We don't support any other use.	https://docs.microsoft.com/en-us/learn/support/faq		[]	False	[]	41	Learn FAQ Page
What are the limitations of the sandbox environment?	Limitations to how you can use the sandbox include:\n\n*   You can create only certain resources (based on the module you're in).\n*   The sandbox is limited to specific SKUs for some services.\n*   You can use only specific regions (locations).\n\nYou also can't create resource groups. Instead, the sandbox provides a single resource group for you to work with.	https://docs.microsoft.com/en-us/learn/support/faq		[]	False	[]	42	Learn FAQ Page
Does resetting Azure Cloud Shell reset the sandbox too?	No, they're independent. Resetting Azure Cloud Shell through the power button in the upper-left corner of the window will reconnect you to the storage account and clear the history of your terminal session commands. All of your data and resources in the sandbox will remain.	https://docs.microsoft.com/en-us/learn/support/faq		[]	False	[]	43	Learn FAQ Page
Can I save my settings in the sandbox and come back later?	No. Your sandbox is temporary and available for only four hours.	https://docs.microsoft.com/en-us/learn/support/faq		[]	False	[]	44	Learn FAQ Page
How do I report problems I'm seeing with the sandbox?	Make sure to visit our [Troubleshooting](https://docs.microsoft.com/en-us/learn/support/troubleshooting) section for solutions to common issues. If you are still unable to resolve the problem, please ["Report an Issue"](troubleshooting#report-feedback) to notify our team.	https://docs.microsoft.com/en-us/learn/support/faq		[]	False	[]	45	Learn FAQ Page
I'm having problems completing a learning path/module/unit. Where can I go to get help?	Make sure to visit our [Troubleshooting](https://docs.microsoft.com/en-us/learn/support/troubleshooting) section for solutions to common issues. If you are still unable to resolve the problem, please ["Report an Issue"](troubleshooting#report-feedback) to notify our team.	https://docs.microsoft.com/en-us/learn/support/faq		[]	False	[]	46	Learn FAQ Page
I found an error with the content. Can I notify someone about it?	Please let our team know by [reporting the issue.](troubleshooting#report-feedback)	https://docs.microsoft.com/en-us/learn/support/faq		[]	False	[]	47	Learn FAQ Page
What is the Microsoft Learn Educator Center?	[Microsoft Learn Educator Center](https://docs.microsoft.com/en-us/learn/educator-center) is an extension of the Microsoft Learn skilling platform which provides educators with access to professional development and technical skilling content, so educators are better prepared with the knowledge of best practices for using Microsoft’s products and services in their efforts to improve student-outcomes.	https://docs.microsoft.com/en-us/learn/support/faq		[]	False	[]	48	Learn FAQ Page
Are there getting started resources for using Microsoft Learn?	Yes, [Navigate Microsoft Learn for Educators and School Leaders](https://docs.microsoft.com/en-us/learn/modules/navigate-microsoft-learn-for-educators-school-leaders/) will give you the essentials for using Microsoft Learn and provide a gateway to exciting professional development content for educator tools.	https://docs.microsoft.com/en-us/learn/support/faq		[]	False	[]	49	Learn FAQ Page
How do I find educator content on Learn?	To browse all content, go to the Learn "browse all" page at [docs.microsoft.com/learn/browse/](https://docs.microsoft.com/en-us/learn/browse/).\n\nTo help you find the content you need, filter for educator-centric content by selecting your role as **"K-12 Educator," "Higher-ed Educator," "School Leader,"** or **"Parent & Guardian"** under the “Role” filter.\n\nTip\n\nYou can also find content curated around specific professional development topics and products in the [Learn Educator Center](https://docs.microsoft.com/en-us/learn/educator-center)	https://docs.microsoft.com/en-us/learn/support/faq		[]	False	[]	50	Learn FAQ Page
I was a Microsoft Educator Center (MEC) user, but I don’t see all my MEC training history in my Learn profile. Why?	To ensure that your learning history and achievements are moved over, you will need to link your MEC and Learn profiles and accept permissions to share your profile with Learn.\n\nTo do so:\n\n1.  Sign in to Microsoft Learn using the exact same login credentials that you used to sign in to MEC.\n2.  If you do not yet have a Learn profile, you will need to create one first by following the dialogue and completing the required information.\n3.  After sign in or profile completion, a pop-up modal will appear. Agree to permissions to share your profile and select **Migrate data to Learn**.\n4.  You should now see your achievements in your Learn profile [Achievements](https://docs.microsoft.com/en-us/users/me/achievements) tab as well is in your [Transcript](https://docs.microsoft.com/en-us/users/me/transcript).\n5.  Continue learning. We hope you enjoy the new experience!\n\nIf you previously consented on MEC, and linked your Learn account, there should be no further action needed and your achievements should already be in your Learn profile.\n\nLet us know if you encounter any issues by contacting [EDU Support](https://edusupport.microsoft.com/support).	https://docs.microsoft.com/en-us/learn/support/faq		[]	False	[]	51	Learn FAQ Page
How can I get support as an educator?	The EDU Support Team is here to support customers with their education-specific needs. The EDU support channel is the quickest way to troubleshoot problems, report issues and find relevant EDU resources and answers to frequently asked questions. Many helpful resources are available within the Education Help Center. For help with a more complex or specific problem, access the EDU Support ticketing system to request additional assistance with a Microsoft product.\n\n[Get EDU Support](https://edusupport.microsoft.com/support)	https://docs.microsoft.com/en-us/learn/support/faq		[]	False	[]	52	Learn FAQ Page
Are there ways to connect Microsoft Learn to my Learning Management System?	The [Microsoft Learn Catalog API](https://docs.microsoft.com/en-us/learn/support/catalog-api) lets you send a web-based query to Microsoft Learn and get back details about published content such as titles, products covered, and links to the training. Customers can take the returned information and display it in their learning management systems (LMSs) alongside other training content.	https://docs.microsoft.com/en-us/learn/support/faq		[]	False	[]	53	Learn FAQ Page
What is Microsoft certification?	The Microsoft Certified Professional program enables you to validate and prove your skills with Microsoft technologies.	Editorial	system_metadata_qna_edited_manually:true	[]	False	[{"DisplayOrder":0,"QnaId":55,"Qna":null,"DisplayText":"Learn more about certification"}]	54	
How can I demonstrate my Microsoft technology skills?	The Microsoft Certified Professional program enables you to validate and prove your skills with Microsoft technologies.	Editorial	system_metadata_qna_edited_manually:true	[]	False	[{"DisplayOrder":0,"QnaId":55,"Qna":null,"DisplayText":"Learn more about certification"}]	54	
Learn more about certification	You can learn more about certification on the [Microsoft certification page](https://docs.microsoft.com/learn/certifications/).	Editorial		[]	True	[]	55	
