{
  "id": "/subscriptions/7cc38e93-746f-4e8c-81ca-670ad7dc99cf/resourceGroups/ResourceGroup1/providers/Microsoft.Resources/deployments/ai102lscqa-bot-nodejs_node_qnav4_sdk_3c9",
  "name": "ai102lscqa-bot-nodejs_node_qnav4_sdk_3c9",
  "type": "Microsoft.Resources/deployments",
  "tags": {
    "primaryResourceId": "/subscriptions/7cc38e93-746f-4e8c-81ca-670ad7dc99cf/resourcegroups/ResourceGroup1/providers/Microsoft.BotService/botServices/ai102lscqa-bot-nodejs",
    "marketplaceItemId": "Microsoft.BotServiceSdkGalleryPackage"
  },
  "properties": {
    "templateHash": "357270272407847054",
    "parameters": {
      "botEnv": {
        "type": "String",
        "value": "prod"
      },
      "botId": {
        "type": "String",
        "value": "ai102lscqa-bot-nodejs"
      },
      "location": {
        "type": "String",
        "value": "East US"
      },
      "sku": {
        "type": "String",
        "value": "S1"
      },
      "kind": {
        "type": "String",
        "value": "sdk"
      },
      "siteName": {
        "type": "String",
        "value": "ai102lscqa-bot-nodejs"
      },
      "createNewStorage": {
        "type": "Bool",
        "value": true
      },
      "storageAccountName": {
        "type": "String",
        "value": "ai102lscqabotnodejsabcb"
      },
      "storageAccountLocation": {
        "type": "String",
        "value": ""
      },
      "storageAccountResourceId": {
        "type": "String",
        "value": ""
      },
      "appId": {
        "type": "String",
        "value": "410be1ae-7f19-4816-8d3b-34d7c786e283"
      },
      "appSecret": {
        "type": "String",
        "value": "KSFb_GkBtcq{1SeDz^kG%-!(ELYtPTL"
      },
      "azureWebJobsBotFrameworkDirectLineSecret": {
        "type": "String",
        "value": ""
      },
      "zipUrl": {
        "type": "String",
        "value": "https://bot-framework.azureedge.net/static/306687-2684fcf9d6/bot-packages/v1.3.27-303256/node.js-abs-webapp-v4_qnabot.zip"
      },
      "proactiveZipUrl": {
        "type": "String",
        "value": ""
      },
      "useAppInsights": {
        "type": "Bool",
        "value": false
      },
      "appInsightsLocation": {
        "type": "String",
        "value": "East US"
      },
      "serverFarmId": {
        "type": "String",
        "value": "/subscriptions/7cc38e93-746f-4e8c-81ca-670ad7dc99cf/resourceGroups/ResourceGroup1/providers/Microsoft.Web/serverfarms/ai102lscqa-bot"
      },
      "createServerFarm": {
        "type": "Bool",
        "value": false
      },
      "serverFarmLocation": {
        "type": "String",
        "value": "East US"
      },
      "serverFarmSku": {
        "type": "Object",
        "value": {
          "name": "S1",
          "tier": "Standard",
          "size": "S1",
          "family": "S",
          "capacity": 1
        }
      },
      "endpoint": {
        "type": "String",
        "value": ""
      },
      "luisApiLocation": {
        "type": "String",
        "value": "Global"
      },
      "botQueueName": {
        "type": "String",
        "value": "bot-queue"
      }
    },
    "mode": "Incremental",
    "debugSetting": {
      "detailLevel": "None"
    },
    "provisioningState": "Failed",
    "timestamp": "2022-06-01T20:19:52.0206048Z",
    "duration": "PT1M56.2974263S",
    "correlationId": "11c4f4e9-f404-45b5-b991-717ad3bd3100",
    "providers": [
      {
        "namespace": "Microsoft.Web",
        "resourceTypes": [
          {
            "resourceType": "sites",
            "locations": [
              "eastus"
            ]
          },
          {
            "resourceType": "sites/Extensions",
            "locations": [
              null
            ]
          }
        ]
      },
      {
        "namespace": "Microsoft.BotService",
        "resourceTypes": [
          {
            "resourceType": "botServices",
            "locations": [
              "global"
            ]
          }
        ]
      }
    ],
    "dependencies": [
      {
        "dependsOn": [
          {
            "id": "/subscriptions/7cc38e93-746f-4e8c-81ca-670ad7dc99cf/resourceGroups/ResourceGroup1/providers/Microsoft.Web/sites/ai102lscqa-bot-nodejs",
            "resourceType": "Microsoft.Web/sites",
            "resourceName": "ai102lscqa-bot-nodejs"
          }
        ],
        "id": "/subscriptions/7cc38e93-746f-4e8c-81ca-670ad7dc99cf/resourceGroups/ResourceGroup1/providers/Microsoft.Web/sites/ai102lscqa-bot-nodejs/Extensions/MSDeploy",
        "resourceType": "Microsoft.Web/sites/Extensions",
        "resourceName": "ai102lscqa-bot-nodejs/MSDeploy"
      },
      {
        "dependsOn": [
          {
            "id": "/subscriptions/7cc38e93-746f-4e8c-81ca-670ad7dc99cf/resourceGroups/ResourceGroup1/providers/Microsoft.Web/sites/ai102lscqa-bot-nodejs",
            "resourceType": "Microsoft.Web/sites",
            "resourceName": "ai102lscqa-bot-nodejs"
          },
          {
            "id": "/subscriptions/7cc38e93-746f-4e8c-81ca-670ad7dc99cf/resourceGroups/ResourceGroup1/providers/Microsoft.Web/sites/ai102lscqa-bot-nodejs/Extensions/MSDeploy",
            "resourceType": "Microsoft.Web/sites/Extensions",
            "resourceName": "ai102lscqa-bot-nodejs/MSDeploy"
          }
        ],
        "id": "/subscriptions/7cc38e93-746f-4e8c-81ca-670ad7dc99cf/resourceGroups/ResourceGroup1/providers/Microsoft.BotService/botServices/ai102lscqa-bot-nodejs",
        "resourceType": "Microsoft.BotService/botServices",
        "resourceName": "ai102lscqa-bot-nodejs"
      }
    ],
    "error": {
      "code": "DeploymentFailed",
      "message": "At least one resource deployment operation failed. Please list deployment operations for details. Please see https://aka.ms/DeployOperations for usage details.",
      "details": [
        {
          "code": "BadRequest",
          "message": ""
        }
      ]
    },
    "validationLevel": "Template"
  }
}