[
  {
    "id": "/subscriptions/7cc38e93-746f-4e8c-81ca-670ad7dc99cf/resourceGroups/ResourceGroup1/providers/Microsoft.Resources/deployments/ai102lscqa-bot-nodejs_node_qnav4_sdk_3c9/operations/58FF8BB3D9DCF8F9",
    "operationId": "58FF8BB3D9DCF8F9",
    "properties": {
      "provisioningOperation": "Create",
      "provisioningState": "Failed",
      "timestamp": "2022-06-01T20:19:51.7382486Z",
      "duration": "PT1M55.5081323S",
      "trackingId": "9dfdcad4-6836-43d1-a039-5b1e9828bccc",
      "statusCode": "Conflict",
      "statusMessage": {
        "status": "Failed",
        "error": {
          "code": "BadRequest",
          "message": ""
        }
      },
      "targetResource": {
        "id": "/subscriptions/7cc38e93-746f-4e8c-81ca-670ad7dc99cf/resourceGroups/ResourceGroup1/providers/Microsoft.Web/sites/ai102lscqa-bot-nodejs/Extensions/MSDeploy",
        "resourceType": "Microsoft.Web/sites/Extensions",
        "resourceName": "ai102lscqa-bot-nodejs/MSDeploy"
      }
    }
  },
  {
    "id": "/subscriptions/7cc38e93-746f-4e8c-81ca-670ad7dc99cf/resourceGroups/ResourceGroup1/providers/Microsoft.Resources/deployments/ai102lscqa-bot-nodejs_node_qnav4_sdk_3c9/operations/923BC60AC75895D1",
    "operationId": "923BC60AC75895D1",
    "properties": {
      "provisioningOperation": "Create",
      "provisioningState": "Succeeded",
      "timestamp": "2022-06-01T20:18:14.7325297Z",
      "duration": "PT18.5024134S",
      "trackingId": "4016b241-2f5a-4446-bb36-eb28699d4a8a",
      "statusCode": "OK",
      "targetResource": {
        "id": "/subscriptions/7cc38e93-746f-4e8c-81ca-670ad7dc99cf/resourceGroups/ResourceGroup1/providers/Microsoft.Web/sites/ai102lscqa-bot-nodejs",
        "resourceType": "Microsoft.Web/sites",
        "resourceName": "ai102lscqa-bot-nodejs"
      }
    }
  }
]